"LOCATION","INDICATOR","SUBJECT","MEASURE","FREQUENCY","TIME","Value","Flag Codes"
"CAN","SHPRICE","TOT","IDX2015","Q","1970-Q1",6.956951,
"CAN","SHPRICE","TOT","IDX2015","Q","1970-Q2",5.94345,
"CAN","SHPRICE","TOT","IDX2015","Q","1970-Q3",6.106757,
"CAN","SHPRICE","TOT","IDX2015","Q","1970-Q4",6.400685,
"CAN","SHPRICE","TOT","IDX2015","Q","1971-Q1",6.858548,
"CAN","SHPRICE","TOT","IDX2015","Q","1971-Q2",6.920244,
"CAN","SHPRICE","TOT","IDX2015","Q","1971-Q3",6.792133,
"CAN","SHPRICE","TOT","IDX2015","Q","1971-Q4",6.410193,
"CAN","SHPRICE","TOT","IDX2015","Q","1972-Q1",7.628402,
"CAN","SHPRICE","TOT","IDX2015","Q","1972-Q2",7.747633,
"CAN","SHPRICE","TOT","IDX2015","Q","1972-Q3",8.105094,
"CAN","SHPRICE","TOT","IDX2015","Q","1972-Q4",8.25264,
"CAN","SHPRICE","TOT","IDX2015","Q","1973-Q1",8.684861,
"CAN","SHPRICE","TOT","IDX2015","Q","1973-Q2",8.137616,
"CAN","SHPRICE","TOT","IDX2015","Q","1973-Q3",8.53792,
"CAN","SHPRICE","TOT","IDX2015","Q","1973-Q4",8.577044,
"CAN","SHPRICE","TOT","IDX2015","Q","1974-Q1",8.492171,
"CAN","SHPRICE","TOT","IDX2015","Q","1974-Q2",7.301463,
"CAN","SHPRICE","TOT","IDX2015","Q","1974-Q3",6.564876,
"CAN","SHPRICE","TOT","IDX2015","Q","1974-Q4",6.001148,
"CAN","SHPRICE","TOT","IDX2015","Q","1975-Q1",6.917059,
"CAN","SHPRICE","TOT","IDX2015","Q","1975-Q2",7.193669,
"CAN","SHPRICE","TOT","IDX2015","Q","1975-Q3",7.129556,
"CAN","SHPRICE","TOT","IDX2015","Q","1975-Q4",6.660767,
"CAN","SHPRICE","TOT","IDX2015","Q","1976-Q1",7.364252,
"CAN","SHPRICE","TOT","IDX2015","Q","1976-Q2",7.45396,
"CAN","SHPRICE","TOT","IDX2015","Q","1976-Q3",7.269569,
"CAN","SHPRICE","TOT","IDX2015","Q","1976-Q4",6.790692,
"CAN","SHPRICE","TOT","IDX2015","Q","1977-Q1",7.038174,
"CAN","SHPRICE","TOT","IDX2015","Q","1977-Q2",6.990727,
"CAN","SHPRICE","TOT","IDX2015","Q","1977-Q3",7.059723,
"CAN","SHPRICE","TOT","IDX2015","Q","1977-Q4",7.084597,
"CAN","SHPRICE","TOT","IDX2015","Q","1978-Q1",7.130579,
"CAN","SHPRICE","TOT","IDX2015","Q","1978-Q2",7.756001,
"CAN","SHPRICE","TOT","IDX2015","Q","1978-Q3",8.625978,
"CAN","SHPRICE","TOT","IDX2015","Q","1978-Q4",8.821202,
"CAN","SHPRICE","TOT","IDX2015","Q","1979-Q1",9.780096,
"CAN","SHPRICE","TOT","IDX2015","Q","1979-Q2",10.74543,
"CAN","SHPRICE","TOT","IDX2015","Q","1979-Q3",11.63554,
"CAN","SHPRICE","TOT","IDX2015","Q","1979-Q4",11.83725,
"CAN","SHPRICE","TOT","IDX2015","Q","1980-Q1",13.98941,
"CAN","SHPRICE","TOT","IDX2015","Q","1980-Q2",13.72242,
"CAN","SHPRICE","TOT","IDX2015","Q","1980-Q3",15.51802,
"CAN","SHPRICE","TOT","IDX2015","Q","1980-Q4",16.06583,
"CAN","SHPRICE","TOT","IDX2015","Q","1981-Q1",15.66641,
"CAN","SHPRICE","TOT","IDX2015","Q","1981-Q2",16.36268,
"CAN","SHPRICE","TOT","IDX2015","Q","1981-Q3",14.6779,
"CAN","SHPRICE","TOT","IDX2015","Q","1981-Q4",13.50376,
"CAN","SHPRICE","TOT","IDX2015","Q","1982-Q1",11.73036,
"CAN","SHPRICE","TOT","IDX2015","Q","1982-Q2",10.3183,
"CAN","SHPRICE","TOT","IDX2015","Q","1982-Q3",10.75668,
"CAN","SHPRICE","TOT","IDX2015","Q","1982-Q4",12.94929,
"CAN","SHPRICE","TOT","IDX2015","Q","1983-Q1",14.59391,
"CAN","SHPRICE","TOT","IDX2015","Q","1983-Q2",16.75706,
"CAN","SHPRICE","TOT","IDX2015","Q","1983-Q3",17.34255,
"CAN","SHPRICE","TOT","IDX2015","Q","1983-Q4",17.32867,
"CAN","SHPRICE","TOT","IDX2015","Q","1984-Q1",16.90207,
"CAN","SHPRICE","TOT","IDX2015","Q","1984-Q2",15.74723,
"CAN","SHPRICE","TOT","IDX2015","Q","1984-Q3",16.08993,
"CAN","SHPRICE","TOT","IDX2015","Q","1984-Q4",16.55644,
"CAN","SHPRICE","TOT","IDX2015","Q","1985-Q1",18.13885,
"CAN","SHPRICE","TOT","IDX2015","Q","1985-Q2",18.79273,
"CAN","SHPRICE","TOT","IDX2015","Q","1985-Q3",19.13378,
"CAN","SHPRICE","TOT","IDX2015","Q","1985-Q4",19.60287,
"CAN","SHPRICE","TOT","IDX2015","Q","1986-Q1",20.33149,
"CAN","SHPRICE","TOT","IDX2015","Q","1986-Q2",21.58752,
"CAN","SHPRICE","TOT","IDX2015","Q","1986-Q3",20.78893,
"CAN","SHPRICE","TOT","IDX2015","Q","1986-Q4",21.27488,
"CAN","SHPRICE","TOT","IDX2015","Q","1987-Q1",24.61163,
"CAN","SHPRICE","TOT","IDX2015","Q","1987-Q2",25.90162,
"CAN","SHPRICE","TOT","IDX2015","Q","1987-Q3",27.72449,
"CAN","SHPRICE","TOT","IDX2015","Q","1987-Q4",21.28834,
"CAN","SHPRICE","TOT","IDX2015","Q","1988-Q1",22.26046,
"CAN","SHPRICE","TOT","IDX2015","Q","1988-Q2",23.31731,
"CAN","SHPRICE","TOT","IDX2015","Q","1988-Q3",23.12155,
"CAN","SHPRICE","TOT","IDX2015","Q","1988-Q4",23.43289,
"CAN","SHPRICE","TOT","IDX2015","Q","1989-Q1",25.02944,
"CAN","SHPRICE","TOT","IDX2015","Q","1989-Q2",25.79476,
"CAN","SHPRICE","TOT","IDX2015","Q","1989-Q3",27.71933,
"CAN","SHPRICE","TOT","IDX2015","Q","1989-Q4",27.50358,
"CAN","SHPRICE","TOT","IDX2015","Q","1990-Q1",25.64296,
"CAN","SHPRICE","TOT","IDX2015","Q","1990-Q2",24.33207,
"CAN","SHPRICE","TOT","IDX2015","Q","1990-Q3",23.402,
"CAN","SHPRICE","TOT","IDX2015","Q","1990-Q4",22.05896,
"CAN","SHPRICE","TOT","IDX2015","Q","1991-Q1",23.78364,
"CAN","SHPRICE","TOT","IDX2015","Q","1991-Q2",24.36445,
"CAN","SHPRICE","TOT","IDX2015","Q","1991-Q3",24.2819,
"CAN","SHPRICE","TOT","IDX2015","Q","1991-Q4",24.35448,
"CAN","SHPRICE","TOT","IDX2015","Q","1992-Q1",24.61849,
"CAN","SHPRICE","TOT","IDX2015","Q","1992-Q2",23.55145,
"CAN","SHPRICE","TOT","IDX2015","Q","1992-Q3",23.58174,
"CAN","SHPRICE","TOT","IDX2015","Q","1992-Q4",23.17532,
"CAN","SHPRICE","TOT","IDX2015","Q","1993-Q1",24.08242,
"CAN","SHPRICE","TOT","IDX2015","Q","1993-Q2",27.05532,
"CAN","SHPRICE","TOT","IDX2015","Q","1993-Q3",28.11752,
"CAN","SHPRICE","TOT","IDX2015","Q","1993-Q4",29.65595,
"CAN","SHPRICE","TOT","IDX2015","Q","1994-Q1",30.93713,
"CAN","SHPRICE","TOT","IDX2015","Q","1994-Q2",29.33506,
"CAN","SHPRICE","TOT","IDX2015","Q","1994-Q3",29.94762,
"CAN","SHPRICE","TOT","IDX2015","Q","1994-Q4",29.28747,
"CAN","SHPRICE","TOT","IDX2015","Q","1995-Q1",28.95558,
"CAN","SHPRICE","TOT","IDX2015","Q","1995-Q2",30.81381,
"CAN","SHPRICE","TOT","IDX2015","Q","1995-Q3",31.75818,
"CAN","SHPRICE","TOT","IDX2015","Q","1995-Q4",32.1589,
"CAN","SHPRICE","TOT","IDX2015","Q","1996-Q1",34.57444,
"CAN","SHPRICE","TOT","IDX2015","Q","1996-Q2",35.88545,
"CAN","SHPRICE","TOT","IDX2015","Q","1996-Q3",35.71508,
"CAN","SHPRICE","TOT","IDX2015","Q","1996-Q4",40.78018,
"CAN","SHPRICE","TOT","IDX2015","Q","1997-Q1",42.11713,
"CAN","SHPRICE","TOT","IDX2015","Q","1997-Q2",43.69522,
"CAN","SHPRICE","TOT","IDX2015","Q","1997-Q3",47.72432,
"CAN","SHPRICE","TOT","IDX2015","Q","1997-Q4",46.61984,
"CAN","SHPRICE","TOT","IDX2015","Q","1998-Q1",49.634,
"CAN","SHPRICE","TOT","IDX2015","Q","1998-Q2",52.58739,
"CAN","SHPRICE","TOT","IDX2015","Q","1998-Q3",42.02094,
"CAN","SHPRICE","TOT","IDX2015","Q","1998-Q4",44.25686,
"CAN","SHPRICE","TOT","IDX2015","Q","1999-Q1",45.65618,
"CAN","SHPRICE","TOT","IDX2015","Q","1999-Q2",48.50743,
"CAN","SHPRICE","TOT","IDX2015","Q","1999-Q3",48.83983,
"CAN","SHPRICE","TOT","IDX2015","Q","1999-Q4",53.91602,
"CAN","SHPRICE","TOT","IDX2015","Q","2000-Q1",63.28449,
"CAN","SHPRICE","TOT","IDX2015","Q","2000-Q2",65.98657,
"CAN","SHPRICE","TOT","IDX2015","Q","2000-Q3",75.10954,
"CAN","SHPRICE","TOT","IDX2015","Q","2000-Q4",65.9136,
"CAN","SHPRICE","TOT","IDX2015","Q","2001-Q1",59.28247,
"CAN","SHPRICE","TOT","IDX2015","Q","2001-Q2",55.44671,
"CAN","SHPRICE","TOT","IDX2015","Q","2001-Q3",51.68624,
"CAN","SHPRICE","TOT","IDX2015","Q","2001-Q4",50.56448,
"CAN","SHPRICE","TOT","IDX2015","Q","2002-Q1",53.6243,
"CAN","SHPRICE","TOT","IDX2015","Q","2002-Q2",52.865,
"CAN","SHPRICE","TOT","IDX2015","Q","2002-Q3",45.73721,
"CAN","SHPRICE","TOT","IDX2015","Q","2002-Q4",44.64821,
"CAN","SHPRICE","TOT","IDX2015","Q","2003-Q1",45.58795,
"CAN","SHPRICE","TOT","IDX2015","Q","2003-Q2",47.05892,
"CAN","SHPRICE","TOT","IDX2015","Q","2003-Q3",51.29777,
"CAN","SHPRICE","TOT","IDX2015","Q","2003-Q4",54.70701,
"CAN","SHPRICE","TOT","IDX2015","Q","2004-Q1",59.88867,
"CAN","SHPRICE","TOT","IDX2015","Q","2004-Q2",58.93061,
"CAN","SHPRICE","TOT","IDX2015","Q","2004-Q3",58.59503,
"CAN","SHPRICE","TOT","IDX2015","Q","2004-Q4",62.45148,
"CAN","SHPRICE","TOT","IDX2015","Q","2005-Q1",65.82215,
"CAN","SHPRICE","TOT","IDX2015","Q","2005-Q2",66.96455,
"CAN","SHPRICE","TOT","IDX2015","Q","2005-Q3",73.70796,
"CAN","SHPRICE","TOT","IDX2015","Q","2005-Q4",75.31776,
"CAN","SHPRICE","TOT","IDX2015","Q","2006-Q1",82.26118,
"CAN","SHPRICE","TOT","IDX2015","Q","2006-Q2",82.61006,
"CAN","SHPRICE","TOT","IDX2015","Q","2006-Q3",82.46647,
"CAN","SHPRICE","TOT","IDX2015","Q","2006-Q4",86.52432,
"CAN","SHPRICE","TOT","IDX2015","Q","2007-Q1",90.62907,
"CAN","SHPRICE","TOT","IDX2015","Q","2007-Q2",96.24426,
"CAN","SHPRICE","TOT","IDX2015","Q","2007-Q3",96.36863,
"CAN","SHPRICE","TOT","IDX2015","Q","2007-Q4",96.76974,
"CAN","SHPRICE","TOT","IDX2015","Q","2008-Q1",92.54858,
"CAN","SHPRICE","TOT","IDX2015","Q","2008-Q2",100.5174,
"CAN","SHPRICE","TOT","IDX2015","Q","2008-Q3",91.918,
"CAN","SHPRICE","TOT","IDX2015","Q","2008-Q4",63.33649,
"CAN","SHPRICE","TOT","IDX2015","Q","2009-Q1",59.64314,
"CAN","SHPRICE","TOT","IDX2015","Q","2009-Q2",68.84159,
"CAN","SHPRICE","TOT","IDX2015","Q","2009-Q3",75.21535,
"CAN","SHPRICE","TOT","IDX2015","Q","2009-Q4",79.74791,
"CAN","SHPRICE","TOT","IDX2015","Q","2010-Q1",81.54835,
"CAN","SHPRICE","TOT","IDX2015","Q","2010-Q2",82.84911,
"CAN","SHPRICE","TOT","IDX2015","Q","2010-Q3",82.37946,
"CAN","SHPRICE","TOT","IDX2015","Q","2010-Q4",89.95427,
"CAN","SHPRICE","TOT","IDX2015","Q","2011-Q1",95.8848,
"CAN","SHPRICE","TOT","IDX2015","Q","2011-Q2",94.63897,
"CAN","SHPRICE","TOT","IDX2015","Q","2011-Q3",87.9992,
"CAN","SHPRICE","TOT","IDX2015","Q","2011-Q4",83.24931,
"CAN","SHPRICE","TOT","IDX2015","Q","2012-Q1",86.77187,
"CAN","SHPRICE","TOT","IDX2015","Q","2012-Q2",81.96211,
"CAN","SHPRICE","TOT","IDX2015","Q","2012-Q3",83.23183,
"CAN","SHPRICE","TOT","IDX2015","Q","2012-Q4",85.55235,
"CAN","SHPRICE","TOT","IDX2015","Q","2013-Q1",88.7296,
"CAN","SHPRICE","TOT","IDX2015","Q","2013-Q2",86.26052,
"CAN","SHPRICE","TOT","IDX2015","Q","2013-Q3",88.0979,
"CAN","SHPRICE","TOT","IDX2015","Q","2013-Q4",92.5257,
"CAN","SHPRICE","TOT","IDX2015","Q","2014-Q1",97.57421,
"CAN","SHPRICE","TOT","IDX2015","Q","2014-Q2",102.3635,
"CAN","SHPRICE","TOT","IDX2015","Q","2014-Q3",106.957,
"CAN","SHPRICE","TOT","IDX2015","Q","2014-Q4",101.4247,
"CAN","SHPRICE","TOT","IDX2015","Q","2015-Q1",103.5648,
"CAN","SHPRICE","TOT","IDX2015","Q","2015-Q2",105.1882,
"CAN","SHPRICE","TOT","IDX2015","Q","2015-Q3",97.52214,
"CAN","SHPRICE","TOT","IDX2015","Q","2015-Q4",93.72481,
"CAN","SHPRICE","TOT","IDX2015","Q","2016-Q1",89.25116,
"CAN","SHPRICE","TOT","IDX2015","Q","2016-Q2",96.58386,
"CAN","SHPRICE","TOT","IDX2015","Q","2016-Q3",101.6934,
"CAN","SHPRICE","TOT","IDX2015","Q","2016-Q4",104.1303,
"CAN","SHPRICE","TOT","IDX2015","Q","2017-Q1",108.4272,
"CAN","SHPRICE","TOT","IDX2015","Q","2017-Q2",107.9365,
"CAN","SHPRICE","TOT","IDX2015","Q","2017-Q3",105.8885,
"CAN","SHPRICE","TOT","IDX2015","Q","2017-Q4",111.4751,
"CAN","SHPRICE","TOT","IDX2015","Q","2018-Q1",109.6913,
"CAN","SHPRICE","TOT","IDX2015","Q","2018-Q2",110.6687,
"CAN","SHPRICE","TOT","IDX2015","Q","2018-Q3",113.6619,
"CAN","SHPRICE","TOT","IDX2015","Q","2018-Q4",104.7972,
"CAN","SHPRICE","TOT","IDX2015","Q","2019-Q1",109.1031,
"CAN","SHPRICE","TOT","IDX2015","Q","2019-Q2",114.1865,
"CAN","SHPRICE","TOT","IDX2015","Q","2019-Q3",114.8966,
"CAN","SHPRICE","TOT","IDX2015","Q","2019-Q4",117.0793,
"CAN","SHPRICE","TOT","IDX2015","Q","2020-Q1",113.1711,
"CAN","SHPRICE","TOT","IDX2015","Q","2020-Q2",103.3257,
"CAN","SHPRICE","TOT","IDX2015","Q","2020-Q3",113.2623,
"CAN","SHPRICE","TOT","IDX2015","Q","2020-Q4",117.4307,
"CAN","SHPRICE","TOT","IDX2015","Q","2021-Q1",127.229,
"CAN","SHPRICE","TOT","IDX2015","Q","2021-Q2",136.4981,
"CAN","SHPRICE","TOT","IDX2015","Q","2021-Q3",142.1406,
"CAN","SHPRICE","TOT","IDX2015","Q","2021-Q4",146.7877,
"CAN","SHPRICE","TOT","IDX2015","Q","2022-Q1",148.521,
"CAN","SHPRICE","TOT","IDX2015","Q","2022-Q2",143.5148,
"CAN","SHPRICE","TOT","IDX2015","Q","2022-Q3",134.6975,
"CAN","SHPRICE","TOT","IDX2015","Q","2022-Q4",136.0116,
"FRA","SHPRICE","TOT","IDX2015","Q","1970-Q1",5.749358,
"FRA","SHPRICE","TOT","IDX2015","Q","1970-Q2",5.253253,
"FRA","SHPRICE","TOT","IDX2015","Q","1970-Q3",5.267968,
"FRA","SHPRICE","TOT","IDX2015","Q","1970-Q4",5.223823,
"FRA","SHPRICE","TOT","IDX2015","Q","1971-Q1",5.295295,
"FRA","SHPRICE","TOT","IDX2015","Q","1971-Q2",5.370973,
"FRA","SHPRICE","TOT","IDX2015","Q","1971-Q3",5.202801,
"FRA","SHPRICE","TOT","IDX2015","Q","1971-Q4",4.708798,
"FRA","SHPRICE","TOT","IDX2015","Q","1972-Q1",5.118715,
"FRA","SHPRICE","TOT","IDX2015","Q","1972-Q2",5.78089,
"FRA","SHPRICE","TOT","IDX2015","Q","1972-Q3",6.182399,
"FRA","SHPRICE","TOT","IDX2015","Q","1972-Q4",5.993207,
"FRA","SHPRICE","TOT","IDX2015","Q","1973-Q1",6.247177,
"FRA","SHPRICE","TOT","IDX2015","Q","1973-Q2",6.782649,
"FRA","SHPRICE","TOT","IDX2015","Q","1973-Q3",6.36617,
"FRA","SHPRICE","TOT","IDX2015","Q","1973-Q4",6.053332,
"FRA","SHPRICE","TOT","IDX2015","Q","1974-Q1",5.780797,
"FRA","SHPRICE","TOT","IDX2015","Q","1974-Q2",5.033247,"E"
"FRA","SHPRICE","TOT","IDX2015","Q","1974-Q3",4.295294,
"FRA","SHPRICE","TOT","IDX2015","Q","1974-Q4",4.032356,
"FRA","SHPRICE","TOT","IDX2015","Q","1975-Q1",4.867232,
"FRA","SHPRICE","TOT","IDX2015","Q","1975-Q2",5.124412,
"FRA","SHPRICE","TOT","IDX2015","Q","1975-Q3",5.170475,
"FRA","SHPRICE","TOT","IDX2015","Q","1975-Q4",5.354723,
"FRA","SHPRICE","TOT","IDX2015","Q","1976-Q1",5.667562,
"FRA","SHPRICE","TOT","IDX2015","Q","1976-Q2",5.318257,
"FRA","SHPRICE","TOT","IDX2015","Q","1976-Q3",4.97471,
"FRA","SHPRICE","TOT","IDX2015","Q","1976-Q4",4.322164,
"FRA","SHPRICE","TOT","IDX2015","Q","1977-Q1",4.208927,
"FRA","SHPRICE","TOT","IDX2015","Q","1977-Q2",3.794368,
"FRA","SHPRICE","TOT","IDX2015","Q","1977-Q3",4.04771,
"FRA","SHPRICE","TOT","IDX2015","Q","1977-Q4",4.224281,
"FRA","SHPRICE","TOT","IDX2015","Q","1978-Q1",4.093772,
"FRA","SHPRICE","TOT","IDX2015","Q","1978-Q2",5.137847,
"FRA","SHPRICE","TOT","IDX2015","Q","1978-Q3",5.984239,
"FRA","SHPRICE","TOT","IDX2015","Q","1978-Q4",6.05909,
"FRA","SHPRICE","TOT","IDX2015","Q","1979-Q1",6.01687,"E"
"FRA","SHPRICE","TOT","IDX2015","Q","1979-Q2",6.404556,
"FRA","SHPRICE","TOT","IDX2015","Q","1979-Q3",7.323879,
"FRA","SHPRICE","TOT","IDX2015","Q","1979-Q4",7.24327,
"FRA","SHPRICE","TOT","IDX2015","Q","1980-Q1",7.669345,
"FRA","SHPRICE","TOT","IDX2015","Q","1980-Q2",7.60409,
"FRA","SHPRICE","TOT","IDX2015","Q","1980-Q3",7.736519,
"FRA","SHPRICE","TOT","IDX2015","Q","1980-Q4",8.225929,
"FRA","SHPRICE","TOT","IDX2015","Q","1981-Q1",7.73268,
"FRA","SHPRICE","TOT","IDX2015","Q","1981-Q2",6.588804,
"FRA","SHPRICE","TOT","IDX2015","Q","1981-Q3",6.723152,
"FRA","SHPRICE","TOT","IDX2015","Q","1981-Q4",6.475568,
"FRA","SHPRICE","TOT","IDX2015","Q","1982-Q1",6.770271,
"FRA","SHPRICE","TOT","IDX2015","Q","1982-Q2",6.948552,
"FRA","SHPRICE","TOT","IDX2015","Q","1982-Q3",6.448925,
"FRA","SHPRICE","TOT","IDX2015","Q","1982-Q4",6.644814,
"FRA","SHPRICE","TOT","IDX2015","Q","1983-Q1",7.423968,
"FRA","SHPRICE","TOT","IDX2015","Q","1983-Q2",8.645522,
"FRA","SHPRICE","TOT","IDX2015","Q","1983-Q3",9.61176,
"FRA","SHPRICE","TOT","IDX2015","Q","1983-Q4",10.51197,
"FRA","SHPRICE","TOT","IDX2015","Q","1984-Q1",11.81056,
"FRA","SHPRICE","TOT","IDX2015","Q","1984-Q2",12.32119,
"FRA","SHPRICE","TOT","IDX2015","Q","1984-Q3",12.06807,
"FRA","SHPRICE","TOT","IDX2015","Q","1984-Q4",12.68215,
"FRA","SHPRICE","TOT","IDX2015","Q","1985-Q1",13.84478,
"FRA","SHPRICE","TOT","IDX2015","Q","1985-Q2",14.90328,
"FRA","SHPRICE","TOT","IDX2015","Q","1985-Q3",13.849,
"FRA","SHPRICE","TOT","IDX2015","Q","1985-Q4",15.21956,
"FRA","SHPRICE","TOT","IDX2015","Q","1986-Q1",18.92444,
"FRA","SHPRICE","TOT","IDX2015","Q","1986-Q2",22.41573,
"FRA","SHPRICE","TOT","IDX2015","Q","1986-Q3",23.62531,
"FRA","SHPRICE","TOT","IDX2015","Q","1986-Q4",23.92221,
"FRA","SHPRICE","TOT","IDX2015","Q","1987-Q1",26.579,
"FRA","SHPRICE","TOT","IDX2015","Q","1987-Q2",27.02025,
"FRA","SHPRICE","TOT","IDX2015","Q","1987-Q3",27.58183,
"FRA","SHPRICE","TOT","IDX2015","Q","1987-Q4",19.92021,
"FRA","SHPRICE","TOT","IDX2015","Q","1988-Q1",18.82863,
"FRA","SHPRICE","TOT","IDX2015","Q","1988-Q2",22.45795,
"FRA","SHPRICE","TOT","IDX2015","Q","1988-Q3",24.62302,
"FRA","SHPRICE","TOT","IDX2015","Q","1988-Q4",27.58905,
"FRA","SHPRICE","TOT","IDX2015","Q","1989-Q1",31.29763,
"FRA","SHPRICE","TOT","IDX2015","Q","1989-Q2",33.591,
"FRA","SHPRICE","TOT","IDX2015","Q","1989-Q3",35.77836,
"FRA","SHPRICE","TOT","IDX2015","Q","1989-Q4",34.07279,
"FRA","SHPRICE","TOT","IDX2015","Q","1990-Q1",33.53793,
"FRA","SHPRICE","TOT","IDX2015","Q","1990-Q2",36.62822,
"FRA","SHPRICE","TOT","IDX2015","Q","1990-Q3",30.97468,
"FRA","SHPRICE","TOT","IDX2015","Q","1990-Q4",27.76462,
"FRA","SHPRICE","TOT","IDX2015","Q","1991-Q1",28.86205,
"FRA","SHPRICE","TOT","IDX2015","Q","1991-Q2",31.33136,
"FRA","SHPRICE","TOT","IDX2015","Q","1991-Q3",30.81798,
"FRA","SHPRICE","TOT","IDX2015","Q","1991-Q4",30.62804,
"FRA","SHPRICE","TOT","IDX2015","Q","1992-Q1",32.40318,
"FRA","SHPRICE","TOT","IDX2015","Q","1992-Q2",33.77576,
"FRA","SHPRICE","TOT","IDX2015","Q","1992-Q3",30.22568,
"FRA","SHPRICE","TOT","IDX2015","Q","1992-Q4",29.26899,
"FRA","SHPRICE","TOT","IDX2015","Q","1993-Q1",32.11647,
"FRA","SHPRICE","TOT","IDX2015","Q","1993-Q2",33.28191,
"FRA","SHPRICE","TOT","IDX2015","Q","1993-Q3",36.17688,
"FRA","SHPRICE","TOT","IDX2015","Q","1993-Q4",38.22088,
"FRA","SHPRICE","TOT","IDX2015","Q","1994-Q1",40.65767,
"FRA","SHPRICE","TOT","IDX2015","Q","1994-Q2",37.45037,
"FRA","SHPRICE","TOT","IDX2015","Q","1994-Q3",35.90846,
"FRA","SHPRICE","TOT","IDX2015","Q","1994-Q4",34.20814,
"FRA","SHPRICE","TOT","IDX2015","Q","1995-Q1",32.46714,
"FRA","SHPRICE","TOT","IDX2015","Q","1995-Q2",34.16549,
"FRA","SHPRICE","TOT","IDX2015","Q","1995-Q3",33.88453,
"FRA","SHPRICE","TOT","IDX2015","Q","1995-Q4",32.56695,
"FRA","SHPRICE","TOT","IDX2015","Q","1996-Q1",35.55295,
"FRA","SHPRICE","TOT","IDX2015","Q","1996-Q2",38.6004,
"FRA","SHPRICE","TOT","IDX2015","Q","1996-Q3",37.24735,
"FRA","SHPRICE","TOT","IDX2015","Q","1996-Q4",40.13013,
"FRA","SHPRICE","TOT","IDX2015","Q","1997-Q1",45.98189,
"FRA","SHPRICE","TOT","IDX2015","Q","1997-Q2",47.75406,
"FRA","SHPRICE","TOT","IDX2015","Q","1997-Q3",51.7781,
"FRA","SHPRICE","TOT","IDX2015","Q","1997-Q4",50.13906,
"FRA","SHPRICE","TOT","IDX2015","Q","1998-Q1",57.29226,
"FRA","SHPRICE","TOT","IDX2015","Q","1998-Q2",69.43263,
"FRA","SHPRICE","TOT","IDX2015","Q","1998-Q3",67.52571,
"FRA","SHPRICE","TOT","IDX2015","Q","1998-Q4",61.5849,
"FRA","SHPRICE","TOT","IDX2015","Q","1999-Q1",70.09581,
"FRA","SHPRICE","TOT","IDX2015","Q","1999-Q2",74.99231,
"FRA","SHPRICE","TOT","IDX2015","Q","1999-Q3",78.75133,
"FRA","SHPRICE","TOT","IDX2015","Q","1999-Q4",88.41084,
"FRA","SHPRICE","TOT","IDX2015","Q","2000-Q1",104.4152,
"FRA","SHPRICE","TOT","IDX2015","Q","2000-Q2",108.2322,
"FRA","SHPRICE","TOT","IDX2015","Q","2000-Q3",111.5453,
"FRA","SHPRICE","TOT","IDX2015","Q","2000-Q4",103.8723,
"FRA","SHPRICE","TOT","IDX2015","Q","2001-Q1",95.78524,
"FRA","SHPRICE","TOT","IDX2015","Q","2001-Q2",92.98515,
"FRA","SHPRICE","TOT","IDX2015","Q","2001-Q3",80.79819,
"FRA","SHPRICE","TOT","IDX2015","Q","2001-Q4",76.68869,
"FRA","SHPRICE","TOT","IDX2015","Q","2002-Q1",78.87881,
"FRA","SHPRICE","TOT","IDX2015","Q","2002-Q2",76.47044,
"FRA","SHPRICE","TOT","IDX2015","Q","2002-Q3",59.85474,
"FRA","SHPRICE","TOT","IDX2015","Q","2002-Q4",55.76531,
"FRA","SHPRICE","TOT","IDX2015","Q","2003-Q1",51.37035,
"FRA","SHPRICE","TOT","IDX2015","Q","2003-Q2",53.87585,
"FRA","SHPRICE","TOT","IDX2015","Q","2003-Q3",58.89994,
"FRA","SHPRICE","TOT","IDX2015","Q","2003-Q4",62.44814,
"FRA","SHPRICE","TOT","IDX2015","Q","2004-Q1",67.13007,
"FRA","SHPRICE","TOT","IDX2015","Q","2004-Q2",67.70391,
"FRA","SHPRICE","TOT","IDX2015","Q","2004-Q3",66.61713,
"FRA","SHPRICE","TOT","IDX2015","Q","2004-Q4",69.28991,
"FRA","SHPRICE","TOT","IDX2015","Q","2005-Q1",73.87686,
"FRA","SHPRICE","TOT","IDX2015","Q","2005-Q2",76.14763,
"FRA","SHPRICE","TOT","IDX2015","Q","2005-Q3",82.96521,
"FRA","SHPRICE","TOT","IDX2015","Q","2005-Q4",85.76064,
"FRA","SHPRICE","TOT","IDX2015","Q","2006-Q1",94.05419,
"FRA","SHPRICE","TOT","IDX2015","Q","2006-Q2",95.15109,
"FRA","SHPRICE","TOT","IDX2015","Q","2006-Q3",95.37347,
"FRA","SHPRICE","TOT","IDX2015","Q","2006-Q4",102.7277,
"FRA","SHPRICE","TOT","IDX2015","Q","2007-Q1",107.2404,
"FRA","SHPRICE","TOT","IDX2015","Q","2007-Q2",114.3064,
"FRA","SHPRICE","TOT","IDX2015","Q","2007-Q3",108.9608,
"FRA","SHPRICE","TOT","IDX2015","Q","2007-Q4",107.6781,
"FRA","SHPRICE","TOT","IDX2015","Q","2008-Q1",92.50663,
"FRA","SHPRICE","TOT","IDX2015","Q","2008-Q2",92.55466,
"FRA","SHPRICE","TOT","IDX2015","Q","2008-Q3",81.74404,
"FRA","SHPRICE","TOT","IDX2015","Q","2008-Q4",62.39322,
"FRA","SHPRICE","TOT","IDX2015","Q","2009-Q1",55.13385,
"FRA","SHPRICE","TOT","IDX2015","Q","2009-Q2",60.15722,
"FRA","SHPRICE","TOT","IDX2015","Q","2009-Q3",66.77007,
"FRA","SHPRICE","TOT","IDX2015","Q","2009-Q4",72.60892,
"FRA","SHPRICE","TOT","IDX2015","Q","2010-Q1",73.83099,
"FRA","SHPRICE","TOT","IDX2015","Q","2010-Q2",71.88313,
"FRA","SHPRICE","TOT","IDX2015","Q","2010-Q3",70.70559,
"FRA","SHPRICE","TOT","IDX2015","Q","2010-Q4",75.10619,
"FRA","SHPRICE","TOT","IDX2015","Q","2011-Q1",78.68575,
"FRA","SHPRICE","TOT","IDX2015","Q","2011-Q2",78.4476,
"FRA","SHPRICE","TOT","IDX2015","Q","2011-Q3",66.90913,
"FRA","SHPRICE","TOT","IDX2015","Q","2011-Q4",61.80942,
"FRA","SHPRICE","TOT","IDX2015","Q","2012-Q1",67.94421,
"FRA","SHPRICE","TOT","IDX2015","Q","2012-Q2",63.48,
"FRA","SHPRICE","TOT","IDX2015","Q","2012-Q3",67.91679,
"FRA","SHPRICE","TOT","IDX2015","Q","2012-Q4",70.81454,
"FRA","SHPRICE","TOT","IDX2015","Q","2013-Q1",75.62655,
"FRA","SHPRICE","TOT","IDX2015","Q","2013-Q2",77.51161,
"FRA","SHPRICE","TOT","IDX2015","Q","2013-Q3",81.46191,
"FRA","SHPRICE","TOT","IDX2015","Q","2013-Q4",86.00828,
"FRA","SHPRICE","TOT","IDX2015","Q","2014-Q1",88.27519,
"FRA","SHPRICE","TOT","IDX2015","Q","2014-Q2",92.24825,
"FRA","SHPRICE","TOT","IDX2015","Q","2014-Q3",89.35283,
"FRA","SHPRICE","TOT","IDX2015","Q","2014-Q4",86.7632,
"FRA","SHPRICE","TOT","IDX2015","Q","2015-Q1",97.65508,
"FRA","SHPRICE","TOT","IDX2015","Q","2015-Q2",104.6074,
"FRA","SHPRICE","TOT","IDX2015","Q","2015-Q3",99.13938,
"FRA","SHPRICE","TOT","IDX2015","Q","2015-Q4",98.59814,
"FRA","SHPRICE","TOT","IDX2015","Q","2016-Q1",90.08723,
"FRA","SHPRICE","TOT","IDX2015","Q","2016-Q2",91.40158,
"FRA","SHPRICE","TOT","IDX2015","Q","2016-Q3",92.15211,
"FRA","SHPRICE","TOT","IDX2015","Q","2016-Q4",95.81221,
"FRA","SHPRICE","TOT","IDX2015","Q","2017-Q1",102.637,
"FRA","SHPRICE","TOT","IDX2015","Q","2017-Q2",110.3261,
"FRA","SHPRICE","TOT","IDX2015","Q","2017-Q3",109.2354,
"FRA","SHPRICE","TOT","IDX2015","Q","2017-Q4",113.573,
"FRA","SHPRICE","TOT","IDX2015","Q","2018-Q1",112.5786,
"FRA","SHPRICE","TOT","IDX2015","Q","2018-Q2",114.8468,
"FRA","SHPRICE","TOT","IDX2015","Q","2018-Q3",114.5222,
"FRA","SHPRICE","TOT","IDX2015","Q","2018-Q4",105.1777,
"FRA","SHPRICE","TOT","IDX2015","Q","2019-Q1",106.4145,
"FRA","SHPRICE","TOT","IDX2015","Q","2019-Q2",113.229,
"FRA","SHPRICE","TOT","IDX2015","Q","2019-Q3",114.589,
"FRA","SHPRICE","TOT","IDX2015","Q","2019-Q4",120.5176,
"FRA","SHPRICE","TOT","IDX2015","Q","2020-Q1",113.5848,
"FRA","SHPRICE","TOT","IDX2015","Q","2020-Q2",96.17435,
"FRA","SHPRICE","TOT","IDX2015","Q","2020-Q3",103.3739,
"FRA","SHPRICE","TOT","IDX2015","Q","2020-Q4",109.3986,
"FRA","SHPRICE","TOT","IDX2015","Q","2021-Q1",120.086,
"FRA","SHPRICE","TOT","IDX2015","Q","2021-Q2",132.126,
"FRA","SHPRICE","TOT","IDX2015","Q","2021-Q3",136.9714,
"FRA","SHPRICE","TOT","IDX2015","Q","2021-Q4",141.532,
"FRA","SHPRICE","TOT","IDX2015","Q","2022-Q1",139.4587,
"FRA","SHPRICE","TOT","IDX2015","Q","2022-Q2",129.9106,
"FRA","SHPRICE","TOT","IDX2015","Q","2022-Q3",126.0002,
"FRA","SHPRICE","TOT","IDX2015","Q","2022-Q4",129.3106,
"DEU","SHPRICE","TOT","IDX2015","Q","1970-Q1",10.87315,
"DEU","SHPRICE","TOT","IDX2015","Q","1970-Q2",9.807037,
"DEU","SHPRICE","TOT","IDX2015","Q","1970-Q3",9.271091,
"DEU","SHPRICE","TOT","IDX2015","Q","1970-Q4",8.835394,
"DEU","SHPRICE","TOT","IDX2015","Q","1971-Q1",9.699077,
"DEU","SHPRICE","TOT","IDX2015","Q","1971-Q2",9.634814,
"DEU","SHPRICE","TOT","IDX2015","Q","1971-Q3",9.418894,
"DEU","SHPRICE","TOT","IDX2015","Q","1971-Q4",8.598268,
"DEU","SHPRICE","TOT","IDX2015","Q","1972-Q1",9.64831,
"DEU","SHPRICE","TOT","IDX2015","Q","1972-Q2",10.48757,
"DEU","SHPRICE","TOT","IDX2015","Q","1972-Q3",10.60774,
"DEU","SHPRICE","TOT","IDX2015","Q","1972-Q4",10.21189,
"DEU","SHPRICE","TOT","IDX2015","Q","1973-Q1",10.63023,
"DEU","SHPRICE","TOT","IDX2015","Q","1973-Q2",10.10907,
"DEU","SHPRICE","TOT","IDX2015","Q","1973-Q3",8.888732,
"DEU","SHPRICE","TOT","IDX2015","Q","1973-Q4",8.595054,
"DEU","SHPRICE","TOT","IDX2015","Q","1974-Q1",8.366923,
"DEU","SHPRICE","TOT","IDX2015","Q","1974-Q2",8.278885,
"DEU","SHPRICE","TOT","IDX2015","Q","1974-Q3",7.759647,
"DEU","SHPRICE","TOT","IDX2015","Q","1974-Q4",7.652329,
"DEU","SHPRICE","TOT","IDX2015","Q","1975-Q1",8.911223,
"DEU","SHPRICE","TOT","IDX2015","Q","1975-Q2",9.504363,
"DEU","SHPRICE","TOT","IDX2015","Q","1975-Q3",9.469018,
"DEU","SHPRICE","TOT","IDX2015","Q","1975-Q4",9.982472,
"DEU","SHPRICE","TOT","IDX2015","Q","1976-Q1",10.6116,
"DEU","SHPRICE","TOT","IDX2015","Q","1976-Q2",10.21703,
"DEU","SHPRICE","TOT","IDX2015","Q","1976-Q3",9.862945,
"DEU","SHPRICE","TOT","IDX2015","Q","1976-Q4",9.447812,
"DEU","SHPRICE","TOT","IDX2015","Q","1977-Q1",9.612323,
"DEU","SHPRICE","TOT","IDX2015","Q","1977-Q2",10.04995,
"DEU","SHPRICE","TOT","IDX2015","Q","1977-Q3",10.16433,
"DEU","SHPRICE","TOT","IDX2015","Q","1977-Q4",10.51199,
"DEU","SHPRICE","TOT","IDX2015","Q","1978-Q1",10.66236,
"DEU","SHPRICE","TOT","IDX2015","Q","1978-Q2",10.50171,
"DEU","SHPRICE","TOT","IDX2015","Q","1978-Q3",11.13341,
"DEU","SHPRICE","TOT","IDX2015","Q","1978-Q4",11.35511,
"DEU","SHPRICE","TOT","IDX2015","Q","1979-Q1",11.11477,
"DEU","SHPRICE","TOT","IDX2015","Q","1979-Q2",10.44195,
"DEU","SHPRICE","TOT","IDX2015","Q","1979-Q3",10.33463,
"DEU","SHPRICE","TOT","IDX2015","Q","1979-Q4",10.04159,
"DEU","SHPRICE","TOT","IDX2015","Q","1980-Q1",9.913713,
"DEU","SHPRICE","TOT","IDX2015","Q","1980-Q2",9.82503,
"DEU","SHPRICE","TOT","IDX2015","Q","1980-Q3",10.34427,
"DEU","SHPRICE","TOT","IDX2015","Q","1980-Q4",10.16048,
"DEU","SHPRICE","TOT","IDX2015","Q","1981-Q1",9.922066,
"DEU","SHPRICE","TOT","IDX2015","Q","1981-Q2",10.45287,
"DEU","SHPRICE","TOT","IDX2015","Q","1981-Q3",10.63923,
"DEU","SHPRICE","TOT","IDX2015","Q","1981-Q4",10.11421,
"DEU","SHPRICE","TOT","IDX2015","Q","1982-Q1",10.26073,
"DEU","SHPRICE","TOT","IDX2015","Q","1982-Q2",10.40082,
"DEU","SHPRICE","TOT","IDX2015","Q","1982-Q3",10.15148,
"DEU","SHPRICE","TOT","IDX2015","Q","1982-Q4",10.95219,
"DEU","SHPRICE","TOT","IDX2015","Q","1983-Q1",12.06521,
"DEU","SHPRICE","TOT","IDX2015","Q","1983-Q2",14.0297,
"DEU","SHPRICE","TOT","IDX2015","Q","1983-Q3",14.35615,
"DEU","SHPRICE","TOT","IDX2015","Q","1983-Q4",15.29502,
"DEU","SHPRICE","TOT","IDX2015","Q","1984-Q1",15.85667,
"DEU","SHPRICE","TOT","IDX2015","Q","1984-Q2",15.58163,
"DEU","SHPRICE","TOT","IDX2015","Q","1984-Q3",15.41905,
"DEU","SHPRICE","TOT","IDX2015","Q","1984-Q4",16.73835,
"DEU","SHPRICE","TOT","IDX2015","Q","1985-Q1",18.07693,
"DEU","SHPRICE","TOT","IDX2015","Q","1985-Q2",19.76702,
"DEU","SHPRICE","TOT","IDX2015","Q","1985-Q3",22.16142,
"DEU","SHPRICE","TOT","IDX2015","Q","1985-Q4",26.52482,
"DEU","SHPRICE","TOT","IDX2015","Q","1986-Q1",30.31564,
"DEU","SHPRICE","TOT","IDX2015","Q","1986-Q2",30.91071,
"DEU","SHPRICE","TOT","IDX2015","Q","1986-Q3",29.6531,
"DEU","SHPRICE","TOT","IDX2015","Q","1986-Q4",30.35869,
"DEU","SHPRICE","TOT","IDX2015","Q","1987-Q1",26.92324,
"DEU","SHPRICE","TOT","IDX2015","Q","1987-Q2",26.77608,
"DEU","SHPRICE","TOT","IDX2015","Q","1987-Q3",29.26238,
"DEU","SHPRICE","TOT","IDX2015","Q","1987-Q4",22.21476,
"DEU","SHPRICE","TOT","IDX2015","Q","1988-Q1",19.85249,
"DEU","SHPRICE","TOT","IDX2015","Q","1988-Q2",20.95201,
"DEU","SHPRICE","TOT","IDX2015","Q","1988-Q3",22.58812,
"DEU","SHPRICE","TOT","IDX2015","Q","1988-Q4",24.26601,
"DEU","SHPRICE","TOT","IDX2015","Q","1989-Q1",25.42594,
"DEU","SHPRICE","TOT","IDX2015","Q","1989-Q2",26.62443,
"DEU","SHPRICE","TOT","IDX2015","Q","1989-Q3",30.06116,
"DEU","SHPRICE","TOT","IDX2015","Q","1989-Q4",30.5322,
"DEU","SHPRICE","TOT","IDX2015","Q","1990-Q1",34.85062,
"DEU","SHPRICE","TOT","IDX2015","Q","1990-Q2",35.64554,
"DEU","SHPRICE","TOT","IDX2015","Q","1990-Q3",33.39701,
"DEU","SHPRICE","TOT","IDX2015","Q","1990-Q4",28.77849,
"DEU","SHPRICE","TOT","IDX2015","Q","1991-Q1",28.75214,
"DEU","SHPRICE","TOT","IDX2015","Q","1991-Q2",31.36825,
"DEU","SHPRICE","TOT","IDX2015","Q","1991-Q3",30.52321,
"DEU","SHPRICE","TOT","IDX2015","Q","1991-Q4",28.96549,
"DEU","SHPRICE","TOT","IDX2015","Q","1992-Q1",30.3754,
"DEU","SHPRICE","TOT","IDX2015","Q","1992-Q2",31.15619,
"DEU","SHPRICE","TOT","IDX2015","Q","1992-Q3",27.50674,
"DEU","SHPRICE","TOT","IDX2015","Q","1992-Q4",25.6033,"B"
"DEU","SHPRICE","TOT","IDX2015","Q","1993-Q1",27.58064,
"DEU","SHPRICE","TOT","IDX2015","Q","1993-Q2",28.18278,
"DEU","SHPRICE","TOT","IDX2015","Q","1993-Q3",31.06558,
"DEU","SHPRICE","TOT","IDX2015","Q","1993-Q4",34.42584,
"DEU","SHPRICE","TOT","IDX2015","Q","1994-Q1",35.4052,
"DEU","SHPRICE","TOT","IDX2015","Q","1994-Q2",35.63397,
"DEU","SHPRICE","TOT","IDX2015","Q","1994-Q3",34.73944,
"DEU","SHPRICE","TOT","IDX2015","Q","1994-Q4",33.52553,
"DEU","SHPRICE","TOT","IDX2015","Q","1995-Q1",33.12646,
"DEU","SHPRICE","TOT","IDX2015","Q","1995-Q2",33.05642,
"DEU","SHPRICE","TOT","IDX2015","Q","1995-Q3",35.30302,
"DEU","SHPRICE","TOT","IDX2015","Q","1995-Q4",34.44191,
"DEU","SHPRICE","TOT","IDX2015","Q","1996-Q1",36.89865,
"DEU","SHPRICE","TOT","IDX2015","Q","1996-Q2",37.75591,
"DEU","SHPRICE","TOT","IDX2015","Q","1996-Q3",38.25843,
"DEU","SHPRICE","TOT","IDX2015","Q","1996-Q4",40.61557,
"DEU","SHPRICE","TOT","IDX2015","Q","1997-Q1",45.90369,
"DEU","SHPRICE","TOT","IDX2015","Q","1997-Q2",50.91035,
"DEU","SHPRICE","TOT","IDX2015","Q","1997-Q3",57.6945,
"DEU","SHPRICE","TOT","IDX2015","Q","1997-Q4",55.83604,
"DEU","SHPRICE","TOT","IDX2015","Q","1998-Q1",62.61505,
"DEU","SHPRICE","TOT","IDX2015","Q","1998-Q2",73.05956,
"DEU","SHPRICE","TOT","IDX2015","Q","1998-Q3",71.12335,
"DEU","SHPRICE","TOT","IDX2015","Q","1998-Q4",62.07782,
"DEU","SHPRICE","TOT","IDX2015","Q","1999-Q1",66.40587,
"DEU","SHPRICE","TOT","IDX2015","Q","1999-Q2",68.20328,
"DEU","SHPRICE","TOT","IDX2015","Q","1999-Q3",69.51551,
"DEU","SHPRICE","TOT","IDX2015","Q","1999-Q4",74.39943,
"DEU","SHPRICE","TOT","IDX2015","Q","2000-Q1",93.66713,
"DEU","SHPRICE","TOT","IDX2015","Q","2000-Q2",91.14356,
"DEU","SHPRICE","TOT","IDX2015","Q","2000-Q3",88.50239,
"DEU","SHPRICE","TOT","IDX2015","Q","2000-Q4",80.40536,
"DEU","SHPRICE","TOT","IDX2015","Q","2001-Q1",74.75866,
"DEU","SHPRICE","TOT","IDX2015","Q","2001-Q2",71.35341,
"DEU","SHPRICE","TOT","IDX2015","Q","2001-Q3",62.15879,
"DEU","SHPRICE","TOT","IDX2015","Q","2001-Q4",58.6745,
"DEU","SHPRICE","TOT","IDX2015","Q","2002-Q1",61.8966,
"DEU","SHPRICE","TOT","IDX2015","Q","2002-Q2",58.93797,
"DEU","SHPRICE","TOT","IDX2015","Q","2002-Q3",45.08178,
"DEU","SHPRICE","TOT","IDX2015","Q","2002-Q4",38.68385,
"DEU","SHPRICE","TOT","IDX2015","Q","2003-Q1",33.77744,
"DEU","SHPRICE","TOT","IDX2015","Q","2003-Q2",36.916,
"DEU","SHPRICE","TOT","IDX2015","Q","2003-Q3",42.28124,
"DEU","SHPRICE","TOT","IDX2015","Q","2003-Q4",45.70512,
"DEU","SHPRICE","TOT","IDX2015","Q","2004-Q1",49.62318,
"DEU","SHPRICE","TOT","IDX2015","Q","2004-Q2",48.67853,
"DEU","SHPRICE","TOT","IDX2015","Q","2004-Q3",47.02635,
"DEU","SHPRICE","TOT","IDX2015","Q","2004-Q4",49.86545,
"DEU","SHPRICE","TOT","IDX2015","Q","2005-Q1",52.70198,
"DEU","SHPRICE","TOT","IDX2015","Q","2005-Q2",53.07598,
"DEU","SHPRICE","TOT","IDX2015","Q","2005-Q3",58.46629,
"DEU","SHPRICE","TOT","IDX2015","Q","2005-Q4",61.56565,
"DEU","SHPRICE","TOT","IDX2015","Q","2006-Q1",68.95836,
"DEU","SHPRICE","TOT","IDX2015","Q","2006-Q2",69.39342,
"DEU","SHPRICE","TOT","IDX2015","Q","2006-Q3",68.12617,
"DEU","SHPRICE","TOT","IDX2015","Q","2006-Q4",75.19435,
"DEU","SHPRICE","TOT","IDX2015","Q","2007-Q1",80.95159,
"DEU","SHPRICE","TOT","IDX2015","Q","2007-Q2",89.04668,
"DEU","SHPRICE","TOT","IDX2015","Q","2007-Q3",89.05054,
"DEU","SHPRICE","TOT","IDX2015","Q","2007-Q4",90.87238,
"DEU","SHPRICE","TOT","IDX2015","Q","2008-Q1",79.19724,
"DEU","SHPRICE","TOT","IDX2015","Q","2008-Q2",77.84645,
"DEU","SHPRICE","TOT","IDX2015","Q","2008-Q3",70.18448,
"DEU","SHPRICE","TOT","IDX2015","Q","2008-Q4",51.05237,
"DEU","SHPRICE","TOT","IDX2015","Q","2009-Q1",45.272,
"DEU","SHPRICE","TOT","IDX2015","Q","2009-Q2",49.75428,
"DEU","SHPRICE","TOT","IDX2015","Q","2009-Q3",54.92223,
"DEU","SHPRICE","TOT","IDX2015","Q","2009-Q4",59.52854,
"DEU","SHPRICE","TOT","IDX2015","Q","2010-Q1",60.46484,
"DEU","SHPRICE","TOT","IDX2015","Q","2010-Q2",62.30466,
"DEU","SHPRICE","TOT","IDX2015","Q","2010-Q3",62.19799,
"DEU","SHPRICE","TOT","IDX2015","Q","2010-Q4",68.5927,
"DEU","SHPRICE","TOT","IDX2015","Q","2011-Q1",72.58338,
"DEU","SHPRICE","TOT","IDX2015","Q","2011-Q2",72.852,
"DEU","SHPRICE","TOT","IDX2015","Q","2011-Q3",62.10288,
"DEU","SHPRICE","TOT","IDX2015","Q","2011-Q4",58.31849,
"DEU","SHPRICE","TOT","IDX2015","Q","2012-Q1",66.1591,
"DEU","SHPRICE","TOT","IDX2015","Q","2012-Q2",63.17606,
"DEU","SHPRICE","TOT","IDX2015","Q","2012-Q3",66.56974,
"DEU","SHPRICE","TOT","IDX2015","Q","2012-Q4",70.90421,
"DEU","SHPRICE","TOT","IDX2015","Q","2013-Q1",75.16737,
"DEU","SHPRICE","TOT","IDX2015","Q","2013-Q2",76.40697,
"DEU","SHPRICE","TOT","IDX2015","Q","2013-Q3",78.68507,
"DEU","SHPRICE","TOT","IDX2015","Q","2013-Q4",85.80981,
"DEU","SHPRICE","TOT","IDX2015","Q","2014-Q1",89.28381,
"DEU","SHPRICE","TOT","IDX2015","Q","2014-Q2",90.10316,
"DEU","SHPRICE","TOT","IDX2015","Q","2014-Q3",87.65477,
"DEU","SHPRICE","TOT","IDX2015","Q","2014-Q4",86.66,
"DEU","SHPRICE","TOT","IDX2015","Q","2015-Q1",100.7289,
"DEU","SHPRICE","TOT","IDX2015","Q","2015-Q2",105.2658,
"DEU","SHPRICE","TOT","IDX2015","Q","2015-Q3",97.13471,
"DEU","SHPRICE","TOT","IDX2015","Q","2015-Q4",96.8706,
"DEU","SHPRICE","TOT","IDX2015","Q","2016-Q1",88.57436,
"DEU","SHPRICE","TOT","IDX2015","Q","2016-Q2",90.14172,
"DEU","SHPRICE","TOT","IDX2015","Q","2016-Q3",92.65629,
"DEU","SHPRICE","TOT","IDX2015","Q","2016-Q4",96.20099,
"DEU","SHPRICE","TOT","IDX2015","Q","2017-Q1",104.4432,
"DEU","SHPRICE","TOT","IDX2015","Q","2017-Q2",109.9235,
"DEU","SHPRICE","TOT","IDX2015","Q","2017-Q3",108.3934,
"DEU","SHPRICE","TOT","IDX2015","Q","2017-Q4",115.3697,
"DEU","SHPRICE","TOT","IDX2015","Q","2018-Q1",112.7009,
"DEU","SHPRICE","TOT","IDX2015","Q","2018-Q2",111.4973,
"DEU","SHPRICE","TOT","IDX2015","Q","2018-Q3",108.9724,
"DEU","SHPRICE","TOT","IDX2015","Q","2018-Q4",98.3422,
"DEU","SHPRICE","TOT","IDX2015","Q","2019-Q1",97.97269,
"DEU","SHPRICE","TOT","IDX2015","Q","2019-Q2",102.7326,
"DEU","SHPRICE","TOT","IDX2015","Q","2019-Q3",101.2321,
"DEU","SHPRICE","TOT","IDX2015","Q","2019-Q4",108.1653,
"DEU","SHPRICE","TOT","IDX2015","Q","2020-Q1",102.3567,
"DEU","SHPRICE","TOT","IDX2015","Q","2020-Q2",93.52061,
"DEU","SHPRICE","TOT","IDX2015","Q","2020-Q3",105.2703,
"DEU","SHPRICE","TOT","IDX2015","Q","2020-Q4",106.6391,
"DEU","SHPRICE","TOT","IDX2015","Q","2021-Q1",116.5541,
"DEU","SHPRICE","TOT","IDX2015","Q","2021-Q2",124.263,
"DEU","SHPRICE","TOT","IDX2015","Q","2021-Q3",126.4414,
"DEU","SHPRICE","TOT","IDX2015","Q","2021-Q4",125.2661,
"DEU","SHPRICE","TOT","IDX2015","Q","2022-Q1",118.4183,
"DEU","SHPRICE","TOT","IDX2015","Q","2022-Q2",105.9733,
"DEU","SHPRICE","TOT","IDX2015","Q","2022-Q3",96.64118,
"DEU","SHPRICE","TOT","IDX2015","Q","2022-Q4",99.13005,
"ITA","SHPRICE","TOT","IDX2015","Q","1970-Q1",9.086669,
"ITA","SHPRICE","TOT","IDX2015","Q","1970-Q2",8.848117,
"ITA","SHPRICE","TOT","IDX2015","Q","1970-Q3",8.19752,
"ITA","SHPRICE","TOT","IDX2015","Q","1970-Q4",7.628248,
"ITA","SHPRICE","TOT","IDX2015","Q","1971-Q1",7.281263,
"ITA","SHPRICE","TOT","IDX2015","Q","1971-Q2",6.711991,
"ITA","SHPRICE","TOT","IDX2015","Q","1971-Q3",6.365006,
"ITA","SHPRICE","TOT","IDX2015","Q","1971-Q4",6.028864,
"ITA","SHPRICE","TOT","IDX2015","Q","1972-Q1",5.952961,
"ITA","SHPRICE","TOT","IDX2015","Q","1972-Q2",6.186092,
"ITA","SHPRICE","TOT","IDX2015","Q","1972-Q3",6.272838,
"ITA","SHPRICE","TOT","IDX2015","Q","1972-Q4",6.592715,
"ITA","SHPRICE","TOT","IDX2015","Q","1973-Q1",6.804159,
"ITA","SHPRICE","TOT","IDX2015","Q","1973-Q2",8.65836,
"ITA","SHPRICE","TOT","IDX2015","Q","1973-Q3",8.631251,
"ITA","SHPRICE","TOT","IDX2015","Q","1973-Q4",8.202942,
"ITA","SHPRICE","TOT","IDX2015","Q","1974-Q1",8.577035,
"ITA","SHPRICE","TOT","IDX2015","Q","1974-Q2",8.387278,
"ITA","SHPRICE","TOT","IDX2015","Q","1974-Q3",6.690304,
"ITA","SHPRICE","TOT","IDX2015","Q","1974-Q4",5.91501,
"ITA","SHPRICE","TOT","IDX2015","Q","1975-Q1",6.033494,
"ITA","SHPRICE","TOT","IDX2015","Q","1975-Q2",5.955738,
"ITA","SHPRICE","TOT","IDX2015","Q","1975-Q3",5.036981,
"ITA","SHPRICE","TOT","IDX2015","Q","1975-Q4",4.914997,
"ITA","SHPRICE","TOT","IDX2015","Q","1976-Q1",5.186155,
"ITA","SHPRICE","TOT","IDX2015","Q","1976-Q2",4.644156,
"ITA","SHPRICE","TOT","IDX2015","Q","1976-Q3",5.020685,
"ITA","SHPRICE","TOT","IDX2015","Q","1976-Q4",4.309084,
"ITA","SHPRICE","TOT","IDX2015","Q","1977-Q1",4.241374,
"ITA","SHPRICE","TOT","IDX2015","Q","1977-Q2",3.896237,
"ITA","SHPRICE","TOT","IDX2015","Q","1977-Q3",3.978761,
"ITA","SHPRICE","TOT","IDX2015","Q","1977-Q4",3.749729,
"ITA","SHPRICE","TOT","IDX2015","Q","1978-Q1",3.815974,
"ITA","SHPRICE","TOT","IDX2015","Q","1978-Q2",3.923127,
"ITA","SHPRICE","TOT","IDX2015","Q","1978-Q3",4.344696,
"ITA","SHPRICE","TOT","IDX2015","Q","1978-Q4",4.758213,
"ITA","SHPRICE","TOT","IDX2015","Q","1979-Q1",4.857386,
"ITA","SHPRICE","TOT","IDX2015","Q","1979-Q2",5.065089,
"ITA","SHPRICE","TOT","IDX2015","Q","1979-Q3",5.718532,
"ITA","SHPRICE","TOT","IDX2015","Q","1979-Q4",5.878953,
"ITA","SHPRICE","TOT","IDX2015","Q","1980-Q1",6.534832,
"ITA","SHPRICE","TOT","IDX2015","Q","1980-Q2",6.966093,
"ITA","SHPRICE","TOT","IDX2015","Q","1980-Q3",8.799299,
"ITA","SHPRICE","TOT","IDX2015","Q","1980-Q4",12.28567,
"ITA","SHPRICE","TOT","IDX2015","Q","1981-Q1",16.33292,
"ITA","SHPRICE","TOT","IDX2015","Q","1981-Q2",20.2401,
"ITA","SHPRICE","TOT","IDX2015","Q","1981-Q3",16.38637,
"ITA","SHPRICE","TOT","IDX2015","Q","1981-Q4",14.99562,
"ITA","SHPRICE","TOT","IDX2015","Q","1982-Q1",15.58179,
"ITA","SHPRICE","TOT","IDX2015","Q","1982-Q2",14.47577,
"ITA","SHPRICE","TOT","IDX2015","Q","1982-Q3",13.21532,
"ITA","SHPRICE","TOT","IDX2015","Q","1982-Q4",13.41247,
"ITA","SHPRICE","TOT","IDX2015","Q","1983-Q1",15.09661,
"ITA","SHPRICE","TOT","IDX2015","Q","1983-Q2",15.49623,
"ITA","SHPRICE","TOT","IDX2015","Q","1983-Q3",15.74813,
"ITA","SHPRICE","TOT","IDX2015","Q","1983-Q4",15.02927,
"ITA","SHPRICE","TOT","IDX2015","Q","1984-Q1",17.4567,
"ITA","SHPRICE","TOT","IDX2015","Q","1984-Q2",16.76369,
"ITA","SHPRICE","TOT","IDX2015","Q","1984-Q3",16.6999,
"ITA","SHPRICE","TOT","IDX2015","Q","1984-Q4",16.61222,
"ITA","SHPRICE","TOT","IDX2015","Q","1985-Q1",20.87072,
"ITA","SHPRICE","TOT","IDX2015","Q","1985-Q2",23.46736,
"ITA","SHPRICE","TOT","IDX2015","Q","1985-Q3",28.70852,
"ITA","SHPRICE","TOT","IDX2015","Q","1985-Q4",33.0143,
"ITA","SHPRICE","TOT","IDX2015","Q","1986-Q1",42.77573,
"ITA","SHPRICE","TOT","IDX2015","Q","1986-Q2",60.6087,
"ITA","SHPRICE","TOT","IDX2015","Q","1986-Q3",60.80083,
"ITA","SHPRICE","TOT","IDX2015","Q","1986-Q4",59.76572,
"ITA","SHPRICE","TOT","IDX2015","Q","1987-Q1",57.20642,
"ITA","SHPRICE","TOT","IDX2015","Q","1987-Q2",58.73382,
"ITA","SHPRICE","TOT","IDX2015","Q","1987-Q3",52.57577,
"ITA","SHPRICE","TOT","IDX2015","Q","1987-Q4",44.44917,
"ITA","SHPRICE","TOT","IDX2015","Q","1988-Q1",39.77385,
"ITA","SHPRICE","TOT","IDX2015","Q","1988-Q2",40.92655,
"ITA","SHPRICE","TOT","IDX2015","Q","1988-Q3",43.2421,
"ITA","SHPRICE","TOT","IDX2015","Q","1988-Q4",47.75037,
"ITA","SHPRICE","TOT","IDX2015","Q","1989-Q1",48.86638,
"ITA","SHPRICE","TOT","IDX2015","Q","1989-Q2",50.89286,
"ITA","SHPRICE","TOT","IDX2015","Q","1989-Q3",57.46956,
"ITA","SHPRICE","TOT","IDX2015","Q","1989-Q4",55.03125,
"ITA","SHPRICE","TOT","IDX2015","Q","1990-Q1",55.90467,
"ITA","SHPRICE","TOT","IDX2015","Q","1990-Q2",59.54585,
"ITA","SHPRICE","TOT","IDX2015","Q","1990-Q3",53.88322,
"ITA","SHPRICE","TOT","IDX2015","Q","1990-Q4",44.381,
"ITA","SHPRICE","TOT","IDX2015","Q","1991-Q1",44.62621,
"ITA","SHPRICE","TOT","IDX2015","Q","1991-Q2",48.76583,
"ITA","SHPRICE","TOT","IDX2015","Q","1991-Q3",45.80622,
"ITA","SHPRICE","TOT","IDX2015","Q","1991-Q4",41.83291,
"ITA","SHPRICE","TOT","IDX2015","Q","1992-Q1",43.16616,
"ITA","SHPRICE","TOT","IDX2015","Q","1992-Q2",39.99874,
"ITA","SHPRICE","TOT","IDX2015","Q","1992-Q3",32.50143,
"ITA","SHPRICE","TOT","IDX2015","Q","1992-Q4",34.9283,
"ITA","SHPRICE","TOT","IDX2015","Q","1993-Q1",40.32675,
"ITA","SHPRICE","TOT","IDX2015","Q","1993-Q2",43.4129,
"ITA","SHPRICE","TOT","IDX2015","Q","1993-Q3",47.76255,
"ITA","SHPRICE","TOT","IDX2015","Q","1993-Q4",46.91433,
"ITA","SHPRICE","TOT","IDX2015","Q","1994-Q1",52.98985,
"ITA","SHPRICE","TOT","IDX2015","Q","1994-Q2",61.96135,
"ITA","SHPRICE","TOT","IDX2015","Q","1994-Q3",56.09715,
"ITA","SHPRICE","TOT","IDX2015","Q","1994-Q4",51.41899,
"ITA","SHPRICE","TOT","IDX2015","Q","1995-Q1",52.56913,
"ITA","SHPRICE","TOT","IDX2015","Q","1995-Q2",51.28364,
"ITA","SHPRICE","TOT","IDX2015","Q","1995-Q3",52.57227,
"ITA","SHPRICE","TOT","IDX2015","Q","1995-Q4",47.43096,
"ITA","SHPRICE","TOT","IDX2015","Q","1996-Q1",49.34374,
"ITA","SHPRICE","TOT","IDX2015","Q","1996-Q2",53.15767,
"ITA","SHPRICE","TOT","IDX2015","Q","1996-Q3",50.1807,
"ITA","SHPRICE","TOT","IDX2015","Q","1996-Q4",52.42924,
"ITA","SHPRICE","TOT","IDX2015","Q","1997-Q1",61.90376,
"ITA","SHPRICE","TOT","IDX2015","Q","1997-Q2",63.80341,
"ITA","SHPRICE","TOT","IDX2015","Q","1997-Q3",75.23408,
"ITA","SHPRICE","TOT","IDX2015","Q","1997-Q4",79.84509,
"ITA","SHPRICE","TOT","IDX2015","Q","1998-Q1",102.8197,
"ITA","SHPRICE","TOT","IDX2015","Q","1998-Q2",123.786,
"ITA","SHPRICE","TOT","IDX2015","Q","1998-Q3",116.4877,
"ITA","SHPRICE","TOT","IDX2015","Q","1998-Q4",106.4614,
"ITA","SHPRICE","TOT","IDX2015","Q","1999-Q1",123.4915,
"ITA","SHPRICE","TOT","IDX2015","Q","1999-Q2",126.8647,
"ITA","SHPRICE","TOT","IDX2015","Q","1999-Q3",123.1456,
"ITA","SHPRICE","TOT","IDX2015","Q","1999-Q4",127.0136,
"ITA","SHPRICE","TOT","IDX2015","Q","2000-Q1",159.6918,
"ITA","SHPRICE","TOT","IDX2015","Q","2000-Q2",160.783,
"ITA","SHPRICE","TOT","IDX2015","Q","2000-Q3",166.5389,
"ITA","SHPRICE","TOT","IDX2015","Q","2000-Q4",163,
"ITA","SHPRICE","TOT","IDX2015","Q","2001-Q1",148.9774,
"ITA","SHPRICE","TOT","IDX2015","Q","2001-Q2",141.4638,
"ITA","SHPRICE","TOT","IDX2015","Q","2001-Q3",123.2266,
"ITA","SHPRICE","TOT","IDX2015","Q","2001-Q4",113.8528,
"ITA","SHPRICE","TOT","IDX2015","Q","2002-Q1",117.4067,
"ITA","SHPRICE","TOT","IDX2015","Q","2002-Q2",115.2681,
"ITA","SHPRICE","TOT","IDX2015","Q","2002-Q3",95.19839,
"ITA","SHPRICE","TOT","IDX2015","Q","2002-Q4",90.51497,
"ITA","SHPRICE","TOT","IDX2015","Q","2003-Q1",86.86644,
"ITA","SHPRICE","TOT","IDX2015","Q","2003-Q2",92.4761,
"ITA","SHPRICE","TOT","IDX2015","Q","2003-Q3",96.73314,
"ITA","SHPRICE","TOT","IDX2015","Q","2003-Q4",101.3332,
"ITA","SHPRICE","TOT","IDX2015","Q","2004-Q1",105.8292,
"ITA","SHPRICE","TOT","IDX2015","Q","2004-Q2",107.4804,
"ITA","SHPRICE","TOT","IDX2015","Q","2004-Q3",106.3284,
"ITA","SHPRICE","TOT","IDX2015","Q","2004-Q4",114.8965,
"ITA","SHPRICE","TOT","IDX2015","Q","2005-Q1",124.8531,
"ITA","SHPRICE","TOT","IDX2015","Q","2005-Q2",125.4068,
"ITA","SHPRICE","TOT","IDX2015","Q","2005-Q3",133.0212,
"ITA","SHPRICE","TOT","IDX2015","Q","2005-Q4",133.7542,
"ITA","SHPRICE","TOT","IDX2015","Q","2006-Q1",146.039,
"ITA","SHPRICE","TOT","IDX2015","Q","2006-Q2",147.0125,
"ITA","SHPRICE","TOT","IDX2015","Q","2006-Q3",146.3387,
"ITA","SHPRICE","TOT","IDX2015","Q","2006-Q4",158.9419,
"ITA","SHPRICE","TOT","IDX2015","Q","2007-Q1",166.4274,
"ITA","SHPRICE","TOT","IDX2015","Q","2007-Q2",172.533,
"ITA","SHPRICE","TOT","IDX2015","Q","2007-Q3",161.8485,
"ITA","SHPRICE","TOT","IDX2015","Q","2007-Q4",155.6888,
"ITA","SHPRICE","TOT","IDX2015","Q","2008-Q1",132.9739,
"ITA","SHPRICE","TOT","IDX2015","Q","2008-Q2",128.9006,
"ITA","SHPRICE","TOT","IDX2015","Q","2008-Q3",111.4147,
"ITA","SHPRICE","TOT","IDX2015","Q","2008-Q4",82.21778,
"ITA","SHPRICE","TOT","IDX2015","Q","2009-Q1",69.5325,
"ITA","SHPRICE","TOT","IDX2015","Q","2009-Q2",77.96338,
"ITA","SHPRICE","TOT","IDX2015","Q","2009-Q3",85.87672,
"ITA","SHPRICE","TOT","IDX2015","Q","2009-Q4",92.55702,
"ITA","SHPRICE","TOT","IDX2015","Q","2010-Q1",90.80843,
"ITA","SHPRICE","TOT","IDX2015","Q","2010-Q2",85.66374,
"ITA","SHPRICE","TOT","IDX2015","Q","2010-Q3",83.55508,
"ITA","SHPRICE","TOT","IDX2015","Q","2010-Q4",85.92102,
"ITA","SHPRICE","TOT","IDX2015","Q","2011-Q1",90.47983,
"ITA","SHPRICE","TOT","IDX2015","Q","2011-Q2",88.82878,
"ITA","SHPRICE","TOT","IDX2015","Q","2011-Q3",70.44858,
"ITA","SHPRICE","TOT","IDX2015","Q","2011-Q4",66.22112,
"ITA","SHPRICE","TOT","IDX2015","Q","2012-Q1",70.4576,
"ITA","SHPRICE","TOT","IDX2015","Q","2012-Q2",62.00824,
"ITA","SHPRICE","TOT","IDX2015","Q","2012-Q3",65.29238,
"ITA","SHPRICE","TOT","IDX2015","Q","2012-Q4",68.9571,
"ITA","SHPRICE","TOT","IDX2015","Q","2013-Q1",73.11774,
"ITA","SHPRICE","TOT","IDX2015","Q","2013-Q2",73.53703,
"ITA","SHPRICE","TOT","IDX2015","Q","2013-Q3",75.69107,
"ITA","SHPRICE","TOT","IDX2015","Q","2013-Q4",83.55463,
"ITA","SHPRICE","TOT","IDX2015","Q","2014-Q1",89.88949,
"ITA","SHPRICE","TOT","IDX2015","Q","2014-Q2",95.87992,
"ITA","SHPRICE","TOT","IDX2015","Q","2014-Q3",91.31566,
"ITA","SHPRICE","TOT","IDX2015","Q","2014-Q4",85.41933,
"ITA","SHPRICE","TOT","IDX2015","Q","2015-Q1",94.29076,
"ITA","SHPRICE","TOT","IDX2015","Q","2015-Q2",104.2113,
"ITA","SHPRICE","TOT","IDX2015","Q","2015-Q3",101.2415,
"ITA","SHPRICE","TOT","IDX2015","Q","2015-Q4",100.2565,
"ITA","SHPRICE","TOT","IDX2015","Q","2016-Q1",85.98259,
"ITA","SHPRICE","TOT","IDX2015","Q","2016-Q2",84.11158,
"ITA","SHPRICE","TOT","IDX2015","Q","2016-Q3",79.96716,
"ITA","SHPRICE","TOT","IDX2015","Q","2016-Q4",83.0349,
"ITA","SHPRICE","TOT","IDX2015","Q","2017-Q1",92.96051,
"ITA","SHPRICE","TOT","IDX2015","Q","2017-Q2",100.6308,
"ITA","SHPRICE","TOT","IDX2015","Q","2017-Q3",103.8654,
"ITA","SHPRICE","TOT","IDX2015","Q","2017-Q4",107.677,
"ITA","SHPRICE","TOT","IDX2015","Q","2018-Q1",108.8764,
"ITA","SHPRICE","TOT","IDX2015","Q","2018-Q2",109.6757,
"ITA","SHPRICE","TOT","IDX2015","Q","2018-Q3",103.8787,
"ITA","SHPRICE","TOT","IDX2015","Q","2018-Q4",93.15824,
"ITA","SHPRICE","TOT","IDX2015","Q","2019-Q1",97.94986,
"ITA","SHPRICE","TOT","IDX2015","Q","2019-Q2",102.8069,
"ITA","SHPRICE","TOT","IDX2015","Q","2019-Q3",104.3782,
"ITA","SHPRICE","TOT","IDX2015","Q","2019-Q4",110.8286,
"ITA","SHPRICE","TOT","IDX2015","Q","2020-Q1",105.2635,
"ITA","SHPRICE","TOT","IDX2015","Q","2020-Q2",88.31362,
"ITA","SHPRICE","TOT","IDX2015","Q","2020-Q3",95.97511,
"ITA","SHPRICE","TOT","IDX2015","Q","2020-Q4",100.2279,
"ITA","SHPRICE","TOT","IDX2015","Q","2021-Q1",111.5047,
"ITA","SHPRICE","TOT","IDX2015","Q","2021-Q2",121.127,
"ITA","SHPRICE","TOT","IDX2015","Q","2021-Q3",123.2369,
"ITA","SHPRICE","TOT","IDX2015","Q","2021-Q4",131.1712,
"ITA","SHPRICE","TOT","IDX2015","Q","2022-Q1",129.4458,
"ITA","SHPRICE","TOT","IDX2015","Q","2022-Q2",119.827,
"ITA","SHPRICE","TOT","IDX2015","Q","2022-Q3",110.3604,
"ITA","SHPRICE","TOT","IDX2015","Q","2022-Q4",115.4091,
"JPN","SHPRICE","TOT","IDX2015","Q","1970-Q1",11.47662,
"JPN","SHPRICE","TOT","IDX2015","Q","1970-Q2",10.6616,
"JPN","SHPRICE","TOT","IDX2015","Q","1970-Q3",10.205,
"JPN","SHPRICE","TOT","IDX2015","Q","1970-Q4",9.810487,
"JPN","SHPRICE","TOT","IDX2015","Q","1971-Q1",10.41665,
"JPN","SHPRICE","TOT","IDX2015","Q","1971-Q2",11.95665,
"JPN","SHPRICE","TOT","IDX2015","Q","1971-Q3",12.28626,
"JPN","SHPRICE","TOT","IDX2015","Q","1971-Q4",11.65432,
"JPN","SHPRICE","TOT","IDX2015","Q","1972-Q1",13.96722,
"JPN","SHPRICE","TOT","IDX2015","Q","1972-Q2",16.59878,
"JPN","SHPRICE","TOT","IDX2015","Q","1972-Q3",19.67448,
"JPN","SHPRICE","TOT","IDX2015","Q","1972-Q4",22.58,
"JPN","SHPRICE","TOT","IDX2015","Q","1973-Q1",25.41483,
"JPN","SHPRICE","TOT","IDX2015","Q","1973-Q2",23.30198,
"JPN","SHPRICE","TOT","IDX2015","Q","1973-Q3",23.69476,
"JPN","SHPRICE","TOT","IDX2015","Q","1973-Q4",21.0473,
"JPN","SHPRICE","TOT","IDX2015","Q","1974-Q1",20.63604,
"JPN","SHPRICE","TOT","IDX2015","Q","1974-Q2",21.38638,
"JPN","SHPRICE","TOT","IDX2015","Q","1974-Q3",19.62484,
"JPN","SHPRICE","TOT","IDX2015","Q","1974-Q4",17.55389,
"JPN","SHPRICE","TOT","IDX2015","Q","1975-Q1",19.11086,
"JPN","SHPRICE","TOT","IDX2015","Q","1975-Q2",21.01378,
"JPN","SHPRICE","TOT","IDX2015","Q","1975-Q3",20.03375,
"JPN","SHPRICE","TOT","IDX2015","Q","1975-Q4",20.20393,
"JPN","SHPRICE","TOT","IDX2015","Q","1976-Q1",21.8273,
"JPN","SHPRICE","TOT","IDX2015","Q","1976-Q2",22.09159,
"JPN","SHPRICE","TOT","IDX2015","Q","1976-Q3",22.80691,
"JPN","SHPRICE","TOT","IDX2015","Q","1976-Q4",22.84945,
"JPN","SHPRICE","TOT","IDX2015","Q","1977-Q1",24.43114,
"JPN","SHPRICE","TOT","IDX2015","Q","1977-Q2",24.26977,
"JPN","SHPRICE","TOT","IDX2015","Q","1977-Q3",24.5751,
"JPN","SHPRICE","TOT","IDX2015","Q","1977-Q4",24.08433,
"JPN","SHPRICE","TOT","IDX2015","Q","1978-Q1",24.83488,
"JPN","SHPRICE","TOT","IDX2015","Q","1978-Q2",26.47738,
"JPN","SHPRICE","TOT","IDX2015","Q","1978-Q3",27.29755,
"JPN","SHPRICE","TOT","IDX2015","Q","1978-Q4",28.43552,
"JPN","SHPRICE","TOT","IDX2015","Q","1979-Q1",29.15814,
"JPN","SHPRICE","TOT","IDX2015","Q","1979-Q2",28.8498,
"JPN","SHPRICE","TOT","IDX2015","Q","1979-Q3",28.9654,
"JPN","SHPRICE","TOT","IDX2015","Q","1979-Q4",28.99849,
"JPN","SHPRICE","TOT","IDX2015","Q","1980-Q1",29.85347,
"JPN","SHPRICE","TOT","IDX2015","Q","1980-Q2",29.99121,
"JPN","SHPRICE","TOT","IDX2015","Q","1980-Q3",30.64249,
"JPN","SHPRICE","TOT","IDX2015","Q","1980-Q4",31.76155,
"JPN","SHPRICE","TOT","IDX2015","Q","1981-Q1",32.8183,
"JPN","SHPRICE","TOT","IDX2015","Q","1981-Q2",35.87659,
"JPN","SHPRICE","TOT","IDX2015","Q","1981-Q3",37.63126,
"JPN","SHPRICE","TOT","IDX2015","Q","1981-Q4",35.86757,
"JPN","SHPRICE","TOT","IDX2015","Q","1982-Q1",36.10715,
"JPN","SHPRICE","TOT","IDX2015","Q","1982-Q2",35.05127,
"JPN","SHPRICE","TOT","IDX2015","Q","1982-Q3",34.08176,
"JPN","SHPRICE","TOT","IDX2015","Q","1982-Q4",36.32568,
"JPN","SHPRICE","TOT","IDX2015","Q","1983-Q1",38.15705,
"JPN","SHPRICE","TOT","IDX2015","Q","1983-Q2",40.74198,
"JPN","SHPRICE","TOT","IDX2015","Q","1983-Q3",43.31681,
"JPN","SHPRICE","TOT","IDX2015","Q","1983-Q4",44.6529,
"JPN","SHPRICE","TOT","IDX2015","Q","1984-Q1",50.39883,
"JPN","SHPRICE","TOT","IDX2015","Q","1984-Q2",52.96894,
"JPN","SHPRICE","TOT","IDX2015","Q","1984-Q3",51.46503,
"JPN","SHPRICE","TOT","IDX2015","Q","1984-Q4",55.53796,
"JPN","SHPRICE","TOT","IDX2015","Q","1985-Q1",61.51596,
"JPN","SHPRICE","TOT","IDX2015","Q","1985-Q2",63.75731,
"JPN","SHPRICE","TOT","IDX2015","Q","1985-Q3",65.80678,
"JPN","SHPRICE","TOT","IDX2015","Q","1985-Q4",65.88499,
"JPN","SHPRICE","TOT","IDX2015","Q","1986-Q1",70.12853,
"JPN","SHPRICE","TOT","IDX2015","Q","1986-Q2",82.25493,
"JPN","SHPRICE","TOT","IDX2015","Q","1986-Q3",94.43891,
"JPN","SHPRICE","TOT","IDX2015","Q","1986-Q4",94.55236,
"JPN","SHPRICE","TOT","IDX2015","Q","1987-Q1",112.6449,
"JPN","SHPRICE","TOT","IDX2015","Q","1987-Q2",136.7121,
"JPN","SHPRICE","TOT","IDX2015","Q","1987-Q3",132.8598,
"JPN","SHPRICE","TOT","IDX2015","Q","1987-Q4",122.5659,
"JPN","SHPRICE","TOT","IDX2015","Q","1988-Q1",127.2729,
"JPN","SHPRICE","TOT","IDX2015","Q","1988-Q2",140.0796,
"JPN","SHPRICE","TOT","IDX2015","Q","1988-Q3",139.6157,
"JPN","SHPRICE","TOT","IDX2015","Q","1988-Q4",142.7423,
"JPN","SHPRICE","TOT","IDX2015","Q","1989-Q1",157.4029,
"JPN","SHPRICE","TOT","IDX2015","Q","1989-Q2",160.3245,
"JPN","SHPRICE","TOT","IDX2015","Q","1989-Q3",167.2602,
"JPN","SHPRICE","TOT","IDX2015","Q","1989-Q4",177.3462,
"JPN","SHPRICE","TOT","IDX2015","Q","1990-Q1",168.4762,
"JPN","SHPRICE","TOT","IDX2015","Q","1990-Q2",148.4597,
"JPN","SHPRICE","TOT","IDX2015","Q","1990-Q3",132.7807,
"JPN","SHPRICE","TOT","IDX2015","Q","1990-Q4",112.5667,
"JPN","SHPRICE","TOT","IDX2015","Q","1991-Q1",119.2149,
"JPN","SHPRICE","TOT","IDX2015","Q","1991-Q2",125.5619,
"JPN","SHPRICE","TOT","IDX2015","Q","1991-Q3",114.9621,
"JPN","SHPRICE","TOT","IDX2015","Q","1991-Q4",115.2812,
"JPN","SHPRICE","TOT","IDX2015","Q","1992-Q1",100.4573,
"JPN","SHPRICE","TOT","IDX2015","Q","1992-Q2",85.3042,
"JPN","SHPRICE","TOT","IDX2015","Q","1992-Q3",82.31359,
"JPN","SHPRICE","TOT","IDX2015","Q","1992-Q4",83.67976,
"JPN","SHPRICE","TOT","IDX2015","Q","1993-Q1",84.52313,
"JPN","SHPRICE","TOT","IDX2015","Q","1993-Q2",102.9449,
"JPN","SHPRICE","TOT","IDX2015","Q","1993-Q3",106.3425,
"JPN","SHPRICE","TOT","IDX2015","Q","1993-Q4",99.09479,
"JPN","SHPRICE","TOT","IDX2015","Q","1994-Q1",101.6589,
"JPN","SHPRICE","TOT","IDX2015","Q","1994-Q2",106.0234,
"JPN","SHPRICE","TOT","IDX2015","Q","1994-Q3",105.0876,
"JPN","SHPRICE","TOT","IDX2015","Q","1994-Q4",99.55935,
"JPN","SHPRICE","TOT","IDX2015","Q","1995-Q1",90.36125,
"JPN","SHPRICE","TOT","IDX2015","Q","1995-Q2",82.26588,
"JPN","SHPRICE","TOT","IDX2015","Q","1995-Q3",88.56534,
"JPN","SHPRICE","TOT","IDX2015","Q","1995-Q4",94.79517,
"JPN","SHPRICE","TOT","IDX2015","Q","1996-Q1",102.32,
"JPN","SHPRICE","TOT","IDX2015","Q","1996-Q2",108.361,
"JPN","SHPRICE","TOT","IDX2015","Q","1996-Q3",103.186,
"JPN","SHPRICE","TOT","IDX2015","Q","1996-Q4",100.127,
"JPN","SHPRICE","TOT","IDX2015","Q","1997-Q1",88.95297,
"JPN","SHPRICE","TOT","IDX2015","Q","1997-Q2",94.47006,
"JPN","SHPRICE","TOT","IDX2015","Q","1997-Q3",94.95396,
"JPN","SHPRICE","TOT","IDX2015","Q","1997-Q4",81.29122,
"JPN","SHPRICE","TOT","IDX2015","Q","1998-Q1",80.48716,
"JPN","SHPRICE","TOT","IDX2015","Q","1998-Q2",77.94176,
"JPN","SHPRICE","TOT","IDX2015","Q","1998-Q3",75.71396,
"JPN","SHPRICE","TOT","IDX2015","Q","1998-Q4",69.71125,
"JPN","SHPRICE","TOT","IDX2015","Q","1999-Q1",72.76202,
"JPN","SHPRICE","TOT","IDX2015","Q","1999-Q2",86.73225,
"JPN","SHPRICE","TOT","IDX2015","Q","1999-Q3",95.2911,
"JPN","SHPRICE","TOT","IDX2015","Q","1999-Q4",102.4623,
"JPN","SHPRICE","TOT","IDX2015","Q","2000-Q1",108.1511,
"JPN","SHPRICE","TOT","IDX2015","Q","2000-Q2",103.9406,
"JPN","SHPRICE","TOT","IDX2015","Q","2000-Q3",97.33197,
"JPN","SHPRICE","TOT","IDX2015","Q","2000-Q4",89.70116,
"JPN","SHPRICE","TOT","IDX2015","Q","2001-Q1",81.27102,
"JPN","SHPRICE","TOT","IDX2015","Q","2001-Q2",85.6048,
"JPN","SHPRICE","TOT","IDX2015","Q","2001-Q3",73.74722,
"JPN","SHPRICE","TOT","IDX2015","Q","2001-Q4",67.50836,
"JPN","SHPRICE","TOT","IDX2015","Q","2002-Q1",65.68752,
"JPN","SHPRICE","TOT","IDX2015","Q","2002-Q2",69.70845,
"JPN","SHPRICE","TOT","IDX2015","Q","2002-Q3",61.79251,
"JPN","SHPRICE","TOT","IDX2015","Q","2002-Q4",55.28914,
"JPN","SHPRICE","TOT","IDX2015","Q","2003-Q1",53.52525,
"JPN","SHPRICE","TOT","IDX2015","Q","2003-Q2",53.49516,
"JPN","SHPRICE","TOT","IDX2015","Q","2003-Q3",63.45606,
"JPN","SHPRICE","TOT","IDX2015","Q","2003-Q4",66.23674,
"JPN","SHPRICE","TOT","IDX2015","Q","2004-Q1",69.66891,
"JPN","SHPRICE","TOT","IDX2015","Q","2004-Q2",74.86628,
"JPN","SHPRICE","TOT","IDX2015","Q","2004-Q3",72.69864,
"JPN","SHPRICE","TOT","IDX2015","Q","2004-Q4",71.41391,
"JPN","SHPRICE","TOT","IDX2015","Q","2005-Q1",75.13079,
"JPN","SHPRICE","TOT","IDX2015","Q","2005-Q2",74.13506,
"JPN","SHPRICE","TOT","IDX2015","Q","2005-Q3",80.90187,
"JPN","SHPRICE","TOT","IDX2015","Q","2005-Q4",97.04748,
"JPN","SHPRICE","TOT","IDX2015","Q","2006-Q1",106.8908,
"JPN","SHPRICE","TOT","IDX2015","Q","2006-Q2",106.2651,
"JPN","SHPRICE","TOT","IDX2015","Q","2006-Q3",102.0394,
"JPN","SHPRICE","TOT","IDX2015","Q","2006-Q4",104.481,
"JPN","SHPRICE","TOT","IDX2015","Q","2007-Q1",111.2942,
"JPN","SHPRICE","TOT","IDX2015","Q","2007-Q2",111.8454,
"JPN","SHPRICE","TOT","IDX2015","Q","2007-Q3",105.946,
"JPN","SHPRICE","TOT","IDX2015","Q","2007-Q4",99.48113,
"JPN","SHPRICE","TOT","IDX2015","Q","2008-Q1",84.04182,
"JPN","SHPRICE","TOT","IDX2015","Q","2008-Q2",87.06788,
"JPN","SHPRICE","TOT","IDX2015","Q","2008-Q3",79.54988,
"JPN","SHPRICE","TOT","IDX2015","Q","2008-Q4",55.7739,
"JPN","SHPRICE","TOT","IDX2015","Q","2009-Q1",50.38186,
"JPN","SHPRICE","TOT","IDX2015","Q","2009-Q2",56.52445,
"JPN","SHPRICE","TOT","IDX2015","Q","2009-Q3",60.18697,
"JPN","SHPRICE","TOT","IDX2015","Q","2009-Q4",56.82893,
"JPN","SHPRICE","TOT","IDX2015","Q","2010-Q1",59.48713,
"JPN","SHPRICE","TOT","IDX2015","Q","2010-Q2",59.72822,
"JPN","SHPRICE","TOT","IDX2015","Q","2010-Q3",54.12216,
"JPN","SHPRICE","TOT","IDX2015","Q","2010-Q4",55.26143,
"JPN","SHPRICE","TOT","IDX2015","Q","2011-Q1",59.15515,
"JPN","SHPRICE","TOT","IDX2015","Q","2011-Q2",53.87399,
"JPN","SHPRICE","TOT","IDX2015","Q","2011-Q3",51.44011,
"JPN","SHPRICE","TOT","IDX2015","Q","2011-Q4",47.52919,
"JPN","SHPRICE","TOT","IDX2015","Q","2012-Q1",51.41476,
"JPN","SHPRICE","TOT","IDX2015","Q","2012-Q2",49.40912,
"JPN","SHPRICE","TOT","IDX2015","Q","2012-Q3",48.09087,
"JPN","SHPRICE","TOT","IDX2015","Q","2012-Q4",49.54342,
"JPN","SHPRICE","TOT","IDX2015","Q","2013-Q1",62.01039,
"JPN","SHPRICE","TOT","IDX2015","Q","2013-Q2",73.08347,
"JPN","SHPRICE","TOT","IDX2015","Q","2013-Q3",75.6308,
"JPN","SHPRICE","TOT","IDX2015","Q","2013-Q4",78.79073,
"JPN","SHPRICE","TOT","IDX2015","Q","2014-Q1",78.84058,
"JPN","SHPRICE","TOT","IDX2015","Q","2014-Q2",77.18821,
"JPN","SHPRICE","TOT","IDX2015","Q","2014-Q3",82.95821,
"JPN","SHPRICE","TOT","IDX2015","Q","2014-Q4",86.99096,
"JPN","SHPRICE","TOT","IDX2015","Q","2015-Q1",94.62305,
"JPN","SHPRICE","TOT","IDX2015","Q","2015-Q2",104.5554,
"JPN","SHPRICE","TOT","IDX2015","Q","2015-Q3",101.1685,
"JPN","SHPRICE","TOT","IDX2015","Q","2015-Q4",99.65303,
"JPN","SHPRICE","TOT","IDX2015","Q","2016-Q1",88.0939,
"JPN","SHPRICE","TOT","IDX2015","Q","2016-Q2",84.97093,
"JPN","SHPRICE","TOT","IDX2015","Q","2016-Q3",84.46985,
"JPN","SHPRICE","TOT","IDX2015","Q","2016-Q4",92.24419,
"JPN","SHPRICE","TOT","IDX2015","Q","2017-Q1",99.36059,
"JPN","SHPRICE","TOT","IDX2015","Q","2017-Q2",100.2906,
"JPN","SHPRICE","TOT","IDX2015","Q","2017-Q3",104.694,
"JPN","SHPRICE","TOT","IDX2015","Q","2017-Q4",114.1673,
"JPN","SHPRICE","TOT","IDX2015","Q","2018-Q1",115.0672,
"JPN","SHPRICE","TOT","IDX2015","Q","2018-Q2",113.5536,
"JPN","SHPRICE","TOT","IDX2015","Q","2018-Q3",111.704,
"JPN","SHPRICE","TOT","IDX2015","Q","2018-Q4",105.5548,
"JPN","SHPRICE","TOT","IDX2015","Q","2019-Q1",101.5961,
"JPN","SHPRICE","TOT","IDX2015","Q","2019-Q2",101.3701,
"JPN","SHPRICE","TOT","IDX2015","Q","2019-Q3",100.0634,
"JPN","SHPRICE","TOT","IDX2015","Q","2019-Q4",108.2321,
"JPN","SHPRICE","TOT","IDX2015","Q","2020-Q1",102.573,
"JPN","SHPRICE","TOT","IDX2015","Q","2020-Q2",96.25739,
"JPN","SHPRICE","TOT","IDX2015","Q","2020-Q3",102.8953,
"JPN","SHPRICE","TOT","IDX2015","Q","2020-Q4",110.0334,
"JPN","SHPRICE","TOT","IDX2015","Q","2021-Q1",122.5287,
"JPN","SHPRICE","TOT","IDX2015","Q","2021-Q2",124.6278,
"JPN","SHPRICE","TOT","IDX2015","Q","2021-Q3",127.2967,
"JPN","SHPRICE","TOT","IDX2015","Q","2021-Q4",128.7796,
"JPN","SHPRICE","TOT","IDX2015","Q","2022-Q1",123.8295,
"JPN","SHPRICE","TOT","IDX2015","Q","2022-Q2",122.0442,
"JPN","SHPRICE","TOT","IDX2015","Q","2022-Q3",124.481,
"JPN","SHPRICE","TOT","IDX2015","Q","2022-Q4",124.5833,
"GBR","SHPRICE","TOT","IDX2015","Q","1970-Q1",4.598374,
"GBR","SHPRICE","TOT","IDX2015","Q","1970-Q2",4.049497,
"GBR","SHPRICE","TOT","IDX2015","Q","1970-Q3",4.007677,
"GBR","SHPRICE","TOT","IDX2015","Q","1970-Q4",4.190637,
"GBR","SHPRICE","TOT","IDX2015","Q","1971-Q1",4.138362,
"GBR","SHPRICE","TOT","IDX2015","Q","1971-Q2",4.809213,
"GBR","SHPRICE","TOT","IDX2015","Q","1971-Q3",5.427789,
"GBR","SHPRICE","TOT","IDX2015","Q","1971-Q4",5.455668,
"GBR","SHPRICE","TOT","IDX2015","Q","1972-Q1",6.135231,
"GBR","SHPRICE","TOT","IDX2015","Q","1972-Q2",6.455845,
"GBR","SHPRICE","TOT","IDX2015","Q","1972-Q3",6.415769,
"GBR","SHPRICE","TOT","IDX2015","Q","1972-Q4",6.305993,
"GBR","SHPRICE","TOT","IDX2015","Q","1973-Q1",5.835526,
"GBR","SHPRICE","TOT","IDX2015","Q","1973-Q2",5.736206,
"GBR","SHPRICE","TOT","IDX2015","Q","1973-Q3",5.35112,
"GBR","SHPRICE","TOT","IDX2015","Q","1973-Q4",4.952095,
"GBR","SHPRICE","TOT","IDX2015","Q","1974-Q1",4.141847,
"GBR","SHPRICE","TOT","IDX2015","Q","1974-Q2",3.707973,
"GBR","SHPRICE","TOT","IDX2015","Q","1974-Q3",2.828026,
"GBR","SHPRICE","TOT","IDX2015","Q","1974-Q4",2.204222,
"GBR","SHPRICE","TOT","IDX2015","Q","1975-Q1",3.134701,
"GBR","SHPRICE","TOT","IDX2015","Q","1975-Q2",4.164499,
"GBR","SHPRICE","TOT","IDX2015","Q","1975-Q3",4.103513,
"GBR","SHPRICE","TOT","IDX2015","Q","1975-Q4",4.692467,
"GBR","SHPRICE","TOT","IDX2015","Q","1976-Q1",5.166419,
"GBR","SHPRICE","TOT","IDX2015","Q","1976-Q2",5.166419,
"GBR","SHPRICE","TOT","IDX2015","Q","1976-Q3",4.742999,
"GBR","SHPRICE","TOT","IDX2015","Q","1976-Q4",4.202834,
"GBR","SHPRICE","TOT","IDX2015","Q","1977-Q1",5.335438,
"GBR","SHPRICE","TOT","IDX2015","Q","1977-Q2",5.938332,
"GBR","SHPRICE","TOT","IDX2015","Q","1977-Q3",6.562136,
"GBR","SHPRICE","TOT","IDX2015","Q","1977-Q4",6.879265,
"GBR","SHPRICE","TOT","IDX2015","Q","1978-Q1",6.50115,
"GBR","SHPRICE","TOT","IDX2015","Q","1978-Q2",6.75555,
"GBR","SHPRICE","TOT","IDX2015","Q","1978-Q3",7.346247,
"GBR","SHPRICE","TOT","IDX2015","Q","1978-Q4",7.243441,
"GBR","SHPRICE","TOT","IDX2015","Q","1979-Q1",7.530948,
"GBR","SHPRICE","TOT","IDX2015","Q","1979-Q2",8.522413,
"GBR","SHPRICE","TOT","IDX2015","Q","1979-Q3",7.971793,
"GBR","SHPRICE","TOT","IDX2015","Q","1979-Q4",7.616329,
"GBR","SHPRICE","TOT","IDX2015","Q","1980-Q1",7.884669,
"GBR","SHPRICE","TOT","IDX2015","Q","1980-Q2",7.928231,
"GBR","SHPRICE","TOT","IDX2015","Q","1980-Q3",8.78901,
"GBR","SHPRICE","TOT","IDX2015","Q","1980-Q4",9.214172,
"GBR","SHPRICE","TOT","IDX2015","Q","1981-Q1",9.090458,
"GBR","SHPRICE","TOT","IDX2015","Q","1981-Q2",9.952979,
"GBR","SHPRICE","TOT","IDX2015","Q","1981-Q3",9.77699,
"GBR","SHPRICE","TOT","IDX2015","Q","1981-Q4",9.318721,
"GBR","SHPRICE","TOT","IDX2015","Q","1982-Q1",10.08541,
"GBR","SHPRICE","TOT","IDX2015","Q","1982-Q2",10.58201,
"GBR","SHPRICE","TOT","IDX2015","Q","1982-Q3",11.07339,
"GBR","SHPRICE","TOT","IDX2015","Q","1982-Q4",12.44819,
"GBR","SHPRICE","TOT","IDX2015","Q","1983-Q1",12.93957,
"GBR","SHPRICE","TOT","IDX2015","Q","1983-Q2",14.04255,
"GBR","SHPRICE","TOT","IDX2015","Q","1983-Q3",14.42241,
"GBR","SHPRICE","TOT","IDX2015","Q","1983-Q4",14.36491,
"GBR","SHPRICE","TOT","IDX2015","Q","1984-Q1",15.87389,
"GBR","SHPRICE","TOT","IDX2015","Q","1984-Q2",16.45374,
"GBR","SHPRICE","TOT","IDX2015","Q","1984-Q3",16.18863,
"GBR","SHPRICE","TOT","IDX2015","Q","1984-Q4",17.69048,
"GBR","SHPRICE","TOT","IDX2015","Q","1985-Q1",19.31462,
"GBR","SHPRICE","TOT","IDX2015","Q","1985-Q2",19.66722,
"GBR","SHPRICE","TOT","IDX2015","Q","1985-Q3",19.45044,
"GBR","SHPRICE","TOT","IDX2015","Q","1985-Q4",20.886,
"GBR","SHPRICE","TOT","IDX2015","Q","1986-Q1",22.75965,
"GBR","SHPRICE","TOT","IDX2015","Q","1986-Q2",24.69936,
"GBR","SHPRICE","TOT","IDX2015","Q","1986-Q3",24.29633,
"GBR","SHPRICE","TOT","IDX2015","Q","1986-Q4",24.60781,
"GBR","SHPRICE","TOT","IDX2015","Q","1987-Q1",28.72356,
"GBR","SHPRICE","TOT","IDX2015","Q","1987-Q2",32.28041,
"GBR","SHPRICE","TOT","IDX2015","Q","1987-Q3",34.99725,
"GBR","SHPRICE","TOT","IDX2015","Q","1987-Q4",27.36039,
"GBR","SHPRICE","TOT","IDX2015","Q","1988-Q1",26.89651,
"GBR","SHPRICE","TOT","IDX2015","Q","1988-Q2",27.37648,
"GBR","SHPRICE","TOT","IDX2015","Q","1988-Q3",27.59841,
"GBR","SHPRICE","TOT","IDX2015","Q","1988-Q4",27.44908,
"GBR","SHPRICE","TOT","IDX2015","Q","1989-Q1",30.38222,
"GBR","SHPRICE","TOT","IDX2015","Q","1989-Q2",32.09351,
"GBR","SHPRICE","TOT","IDX2015","Q","1989-Q3",35.26635,
"GBR","SHPRICE","TOT","IDX2015","Q","1989-Q4",34.19433,
"GBR","SHPRICE","TOT","IDX2015","Q","1990-Q1",34.9435,
"GBR","SHPRICE","TOT","IDX2015","Q","1990-Q2",34.36487,
"GBR","SHPRICE","TOT","IDX2015","Q","1990-Q3",33.55163,
"GBR","SHPRICE","TOT","IDX2015","Q","1990-Q4",32.07417,
"GBR","SHPRICE","TOT","IDX2015","Q","1991-Q1",34.54647,
"GBR","SHPRICE","TOT","IDX2015","Q","1991-Q2",37.92198,
"GBR","SHPRICE","TOT","IDX2015","Q","1991-Q3",39.18631,
"GBR","SHPRICE","TOT","IDX2015","Q","1991-Q4",37.89075,
"GBR","SHPRICE","TOT","IDX2015","Q","1992-Q1",38.20557,
"GBR","SHPRICE","TOT","IDX2015","Q","1992-Q2",39.70921,
"GBR","SHPRICE","TOT","IDX2015","Q","1992-Q3",36.59336,
"GBR","SHPRICE","TOT","IDX2015","Q","1992-Q4",40.83028,
"GBR","SHPRICE","TOT","IDX2015","Q","1993-Q1",43.10191,
"GBR","SHPRICE","TOT","IDX2015","Q","1993-Q2",43.17684,
"GBR","SHPRICE","TOT","IDX2015","Q","1993-Q3",44.97472,
"GBR","SHPRICE","TOT","IDX2015","Q","1993-Q4",48.27252,
"GBR","SHPRICE","TOT","IDX2015","Q","1994-Q1",50.71582,
"GBR","SHPRICE","TOT","IDX2015","Q","1994-Q2",46.50391,
"GBR","SHPRICE","TOT","IDX2015","Q","1994-Q3",47.07454,
"GBR","SHPRICE","TOT","IDX2015","Q","1994-Q4",46.30039,
"GBR","SHPRICE","TOT","IDX2015","Q","1995-Q1",46.29012,
"GBR","SHPRICE","TOT","IDX2015","Q","1995-Q2",49.72734,
"GBR","SHPRICE","TOT","IDX2015","Q","1995-Q3",52.80795,
"GBR","SHPRICE","TOT","IDX2015","Q","1995-Q4",54.393,
"GBR","SHPRICE","TOT","IDX2015","Q","1996-Q1",56.36905,
"GBR","SHPRICE","TOT","IDX2015","Q","1996-Q2",57.03868,
"GBR","SHPRICE","TOT","IDX2015","Q","1996-Q3",58.00566,
"GBR","SHPRICE","TOT","IDX2015","Q","1996-Q4",60.80261,
"GBR","SHPRICE","TOT","IDX2015","Q","1997-Q1",64.85148,
"GBR","SHPRICE","TOT","IDX2015","Q","1997-Q2",68.66288,
"GBR","SHPRICE","TOT","IDX2015","Q","1997-Q3",74.80024,
"GBR","SHPRICE","TOT","IDX2015","Q","1997-Q4",76.21621,
"GBR","SHPRICE","TOT","IDX2015","Q","1998-Q1",84.71313,
"GBR","SHPRICE","TOT","IDX2015","Q","1998-Q2",89.75805,
"GBR","SHPRICE","TOT","IDX2015","Q","1998-Q3",84.48594,
"GBR","SHPRICE","TOT","IDX2015","Q","1998-Q4",82.61916,
"GBR","SHPRICE","TOT","IDX2015","Q","1999-Q1",91.76522,
"GBR","SHPRICE","TOT","IDX2015","Q","1999-Q2",97.08533,
"GBR","SHPRICE","TOT","IDX2015","Q","1999-Q3",94.77519,
"GBR","SHPRICE","TOT","IDX2015","Q","1999-Q4",97.44317,
"GBR","SHPRICE","TOT","IDX2015","Q","2000-Q1",97.11412,
"GBR","SHPRICE","TOT","IDX2015","Q","2000-Q2",95.91545,
"GBR","SHPRICE","TOT","IDX2015","Q","2000-Q3",97.95408,
"GBR","SHPRICE","TOT","IDX2015","Q","2000-Q4",95.4475,
"GBR","SHPRICE","TOT","IDX2015","Q","2001-Q1",91.11514,
"GBR","SHPRICE","TOT","IDX2015","Q","2001-Q2",87.94016,
"GBR","SHPRICE","TOT","IDX2015","Q","2001-Q3",79.83655,
"GBR","SHPRICE","TOT","IDX2015","Q","2001-Q4",78.26005,
"GBR","SHPRICE","TOT","IDX2015","Q","2002-Q1",78.70919,
"GBR","SHPRICE","TOT","IDX2015","Q","2002-Q2",76.55653,
"GBR","SHPRICE","TOT","IDX2015","Q","2002-Q3",62.96227,
"GBR","SHPRICE","TOT","IDX2015","Q","2002-Q4",60.75179,
"GBR","SHPRICE","TOT","IDX2015","Q","2003-Q1",55.98009,
"GBR","SHPRICE","TOT","IDX2015","Q","2003-Q2",60.50943,
"GBR","SHPRICE","TOT","IDX2015","Q","2003-Q3",63.16071,
"GBR","SHPRICE","TOT","IDX2015","Q","2003-Q4",65.89408,
"GBR","SHPRICE","TOT","IDX2015","Q","2004-Q1",67.53249,
"GBR","SHPRICE","TOT","IDX2015","Q","2004-Q2",67.95894,
"GBR","SHPRICE","TOT","IDX2015","Q","2004-Q3",67.28012,
"GBR","SHPRICE","TOT","IDX2015","Q","2004-Q4",71.47146,
"GBR","SHPRICE","TOT","IDX2015","Q","2005-Q1",74.72226,
"GBR","SHPRICE","TOT","IDX2015","Q","2005-Q2",75.1292,
"GBR","SHPRICE","TOT","IDX2015","Q","2005-Q3",80.50803,
"GBR","SHPRICE","TOT","IDX2015","Q","2005-Q4",82.40216,
"GBR","SHPRICE","TOT","IDX2015","Q","2006-Q1",88.21346,
"GBR","SHPRICE","TOT","IDX2015","Q","2006-Q2",88.81378,
"GBR","SHPRICE","TOT","IDX2015","Q","2006-Q3",88.99722,
"GBR","SHPRICE","TOT","IDX2015","Q","2006-Q4",93.21721,
"GBR","SHPRICE","TOT","IDX2015","Q","2007-Q1",95.05199,
"GBR","SHPRICE","TOT","IDX2015","Q","2007-Q2",99.06829,
"GBR","SHPRICE","TOT","IDX2015","Q","2007-Q3",96.47054,
"GBR","SHPRICE","TOT","IDX2015","Q","2007-Q4",97.85562,
"GBR","SHPRICE","TOT","IDX2015","Q","2008-Q1",89.05438,
"GBR","SHPRICE","TOT","IDX2015","Q","2008-Q2",90.75734,
"GBR","SHPRICE","TOT","IDX2015","Q","2008-Q3",81.24842,
"GBR","SHPRICE","TOT","IDX2015","Q","2008-Q4",64.55611,
"GBR","SHPRICE","TOT","IDX2015","Q","2009-Q1",61.27649,
"GBR","SHPRICE","TOT","IDX2015","Q","2009-Q2",64.57182,
"GBR","SHPRICE","TOT","IDX2015","Q","2009-Q3",71.62496,
"GBR","SHPRICE","TOT","IDX2015","Q","2009-Q4",79.46201,
"GBR","SHPRICE","TOT","IDX2015","Q","2010-Q1",82.20958,
"GBR","SHPRICE","TOT","IDX2015","Q","2010-Q2",81.37402,
"GBR","SHPRICE","TOT","IDX2015","Q","2010-Q3",80.61408,
"GBR","SHPRICE","TOT","IDX2015","Q","2010-Q4",87.45341,
"GBR","SHPRICE","TOT","IDX2015","Q","2011-Q1",90.20271,
"GBR","SHPRICE","TOT","IDX2015","Q","2011-Q2",89.70702,
"GBR","SHPRICE","TOT","IDX2015","Q","2011-Q3",82.9113,
"GBR","SHPRICE","TOT","IDX2015","Q","2011-Q4",82.35889,
"GBR","SHPRICE","TOT","IDX2015","Q","2012-Q1",88.23949,
"GBR","SHPRICE","TOT","IDX2015","Q","2012-Q2",84.18119,
"GBR","SHPRICE","TOT","IDX2015","Q","2012-Q3",87.12927,
"GBR","SHPRICE","TOT","IDX2015","Q","2012-Q4",88.6813,
"GBR","SHPRICE","TOT","IDX2015","Q","2013-Q1",95.53596,
"GBR","SHPRICE","TOT","IDX2015","Q","2013-Q2",97.57661,
"GBR","SHPRICE","TOT","IDX2015","Q","2013-Q3",99.01932,
"GBR","SHPRICE","TOT","IDX2015","Q","2013-Q4",100.333,
"GBR","SHPRICE","TOT","IDX2015","Q","2014-Q1",101.2975,
"GBR","SHPRICE","TOT","IDX2015","Q","2014-Q2",102.5416,
"GBR","SHPRICE","TOT","IDX2015","Q","2014-Q3",102.4292,
"GBR","SHPRICE","TOT","IDX2015","Q","2014-Q4",99.0742,
"GBR","SHPRICE","TOT","IDX2015","Q","2015-Q1",102.9898,
"GBR","SHPRICE","TOT","IDX2015","Q","2015-Q2",104.9493,
"GBR","SHPRICE","TOT","IDX2015","Q","2015-Q3",96.94515,
"GBR","SHPRICE","TOT","IDX2015","Q","2015-Q4",95.11573,
"GBR","SHPRICE","TOT","IDX2015","Q","2016-Q1",90.84301,
"GBR","SHPRICE","TOT","IDX2015","Q","2016-Q2",94.11661,
"GBR","SHPRICE","TOT","IDX2015","Q","2016-Q3",102.5659,
"GBR","SHPRICE","TOT","IDX2015","Q","2016-Q4",105.0592,
"GBR","SHPRICE","TOT","IDX2015","Q","2017-Q1",110.2294,
"GBR","SHPRICE","TOT","IDX2015","Q","2017-Q2",111.9699,
"GBR","SHPRICE","TOT","IDX2015","Q","2017-Q3",111.9031,
"GBR","SHPRICE","TOT","IDX2015","Q","2017-Q4",113.4315,
"GBR","SHPRICE","TOT","IDX2015","Q","2018-Q1",111.3999,
"GBR","SHPRICE","TOT","IDX2015","Q","2018-Q2",114.3363,
"GBR","SHPRICE","TOT","IDX2015","Q","2018-Q3",114.4406,
"GBR","SHPRICE","TOT","IDX2015","Q","2018-Q4",105.9359,
"GBR","SHPRICE","TOT","IDX2015","Q","2019-Q1",107.194,
"GBR","SHPRICE","TOT","IDX2015","Q","2019-Q2",111.582,
"GBR","SHPRICE","TOT","IDX2015","Q","2019-Q3",111.5413,
"GBR","SHPRICE","TOT","IDX2015","Q","2019-Q4",111.1686,
"GBR","SHPRICE","TOT","IDX2015","Q","2020-Q1",104.1866,
"GBR","SHPRICE","TOT","IDX2015","Q","2020-Q2",90.68461,
"GBR","SHPRICE","TOT","IDX2015","Q","2020-Q3",91.8346,
"GBR","SHPRICE","TOT","IDX2015","Q","2020-Q4",93.97028,
"GBR","SHPRICE","TOT","IDX2015","Q","2021-Q1",101.0107,
"GBR","SHPRICE","TOT","IDX2015","Q","2021-Q2",106.2707,
"GBR","SHPRICE","TOT","IDX2015","Q","2021-Q3",107.4164,
"GBR","SHPRICE","TOT","IDX2015","Q","2021-Q4",109.7638,
"GBR","SHPRICE","TOT","IDX2015","Q","2022-Q1",112.9461,
"GBR","SHPRICE","TOT","IDX2015","Q","2022-Q2",112.7725,
"GBR","SHPRICE","TOT","IDX2015","Q","2022-Q3",110.5977,
"GBR","SHPRICE","TOT","IDX2015","Q","2022-Q4",110.2573,
"USA","SHPRICE","TOT","IDX2015","Q","1970-Q1",4.909917,
"USA","SHPRICE","TOT","IDX2015","Q","1970-Q2",4.305686,
"USA","SHPRICE","TOT","IDX2015","Q","1970-Q3",4.242572,
"USA","SHPRICE","TOT","IDX2015","Q","1970-Q4",4.650968,
"USA","SHPRICE","TOT","IDX2015","Q","1971-Q1",5.268435,
"USA","SHPRICE","TOT","IDX2015","Q","1971-Q2",5.541335,
"USA","SHPRICE","TOT","IDX2015","Q","1971-Q3",5.397423,
"USA","SHPRICE","TOT","IDX2015","Q","1971-Q4",5.271337,
"USA","SHPRICE","TOT","IDX2015","Q","1972-Q1",5.796483,
"USA","SHPRICE","TOT","IDX2015","Q","1972-Q2",5.95339,
"USA","SHPRICE","TOT","IDX2015","Q","1972-Q3",5.952763,
"USA","SHPRICE","TOT","IDX2015","Q","1972-Q4",6.180871,
"USA","SHPRICE","TOT","IDX2015","Q","1973-Q1",6.141553,
"USA","SHPRICE","TOT","IDX2015","Q","1973-Q2",5.629641,
"USA","SHPRICE","TOT","IDX2015","Q","1973-Q3",5.550983,
"USA","SHPRICE","TOT","IDX2015","Q","1973-Q4",5.422057,
"USA","SHPRICE","TOT","IDX2015","Q","1974-Q1",5.068724,
"USA","SHPRICE","TOT","IDX2015","Q","1974-Q2",4.743369,
"USA","SHPRICE","TOT","IDX2015","Q","1974-Q3",3.922116,
"USA","SHPRICE","TOT","IDX2015","Q","1974-Q4",3.631373,
"USA","SHPRICE","TOT","IDX2015","Q","1975-Q1",4.139021,
"USA","SHPRICE","TOT","IDX2015","Q","1975-Q2",4.683755,
"USA","SHPRICE","TOT","IDX2015","Q","1975-Q3",4.628645,
"USA","SHPRICE","TOT","IDX2015","Q","1975-Q4",4.663947,
"USA","SHPRICE","TOT","IDX2015","Q","1976-Q1",5.250484,
"USA","SHPRICE","TOT","IDX2015","Q","1976-Q2",5.360186,
"USA","SHPRICE","TOT","IDX2015","Q","1976-Q3",5.517583,
"USA","SHPRICE","TOT","IDX2015","Q","1976-Q4",5.444756,
"USA","SHPRICE","TOT","IDX2015","Q","1977-Q1",5.475653,
"USA","SHPRICE","TOT","IDX2015","Q","1977-Q2",5.353478,
"USA","SHPRICE","TOT","IDX2015","Q","1977-Q3",5.318209,
"USA","SHPRICE","TOT","IDX2015","Q","1977-Q4",5.118856,
"USA","SHPRICE","TOT","IDX2015","Q","1978-Q1",4.911789,
"USA","SHPRICE","TOT","IDX2015","Q","1978-Q2",5.316986,
"USA","SHPRICE","TOT","IDX2015","Q","1978-Q3",5.668392,
"USA","SHPRICE","TOT","IDX2015","Q","1978-Q4",5.374798,
"USA","SHPRICE","TOT","IDX2015","Q","1979-Q1",5.513809,
"USA","SHPRICE","TOT","IDX2015","Q","1979-Q2",5.655232,
"USA","SHPRICE","TOT","IDX2015","Q","1979-Q3",5.990254,
"USA","SHPRICE","TOT","IDX2015","Q","1979-Q4",5.943264,
"USA","SHPRICE","TOT","IDX2015","Q","1980-Q1",6.25429,
"USA","SHPRICE","TOT","IDX2015","Q","1980-Q2",6.115939,
"USA","SHPRICE","TOT","IDX2015","Q","1980-Q3",7.016236,
"USA","SHPRICE","TOT","IDX2015","Q","1980-Q4",7.592396,
"USA","SHPRICE","TOT","IDX2015","Q","1981-Q1",7.4674,
"USA","SHPRICE","TOT","IDX2015","Q","1981-Q2",7.614863,
"USA","SHPRICE","TOT","IDX2015","Q","1981-Q3",7.215701,
"USA","SHPRICE","TOT","IDX2015","Q","1981-Q4",7.021356,
"USA","SHPRICE","TOT","IDX2015","Q","1982-Q1",6.533915,
"USA","SHPRICE","TOT","IDX2015","Q","1982-Q2",6.507325,
"USA","SHPRICE","TOT","IDX2015","Q","1982-Q3",6.467947,
"USA","SHPRICE","TOT","IDX2015","Q","1982-Q4",7.795161,
"USA","SHPRICE","TOT","IDX2015","Q","1983-Q1",8.433887,
"USA","SHPRICE","TOT","IDX2015","Q","1983-Q2",9.297011,
"USA","SHPRICE","TOT","IDX2015","Q","1983-Q3",9.487267,
"USA","SHPRICE","TOT","IDX2015","Q","1983-Q4",9.477724,
"USA","SHPRICE","TOT","IDX2015","Q","1984-Q1",9.160872,
"USA","SHPRICE","TOT","IDX2015","Q","1984-Q2",8.880444,
"USA","SHPRICE","TOT","IDX2015","Q","1984-Q3",9.139582,
"USA","SHPRICE","TOT","IDX2015","Q","1984-Q4",9.43276,
"USA","SHPRICE","TOT","IDX2015","Q","1985-Q1",10.15938,
"USA","SHPRICE","TOT","IDX2015","Q","1985-Q2",10.60289,
"USA","SHPRICE","TOT","IDX2015","Q","1985-Q3",10.8058,
"USA","SHPRICE","TOT","IDX2015","Q","1985-Q4",11.25084,
"USA","SHPRICE","TOT","IDX2015","Q","1986-Q1",12.56187,
"USA","SHPRICE","TOT","IDX2015","Q","1986-Q2",13.71408,
"USA","SHPRICE","TOT","IDX2015","Q","1986-Q3",13.742,
"USA","SHPRICE","TOT","IDX2015","Q","1986-Q4",13.85444,
"USA","SHPRICE","TOT","IDX2015","Q","1987-Q1",15.77364,
"USA","SHPRICE","TOT","IDX2015","Q","1987-Q2",16.38822,
"USA","SHPRICE","TOT","IDX2015","Q","1987-Q3",17.72323,
"USA","SHPRICE","TOT","IDX2015","Q","1987-Q4",14.16871,
"USA","SHPRICE","TOT","IDX2015","Q","1988-Q1",14.37786,
"USA","SHPRICE","TOT","IDX2015","Q","1988-Q2",14.72828,
"USA","SHPRICE","TOT","IDX2015","Q","1988-Q3",14.94854,
"USA","SHPRICE","TOT","IDX2015","Q","1988-Q4",15.3295,
"USA","SHPRICE","TOT","IDX2015","Q","1989-Q1",16.17776,
"USA","SHPRICE","TOT","IDX2015","Q","1989-Q2",17.34442,
"USA","SHPRICE","TOT","IDX2015","Q","1989-Q3",18.84998,
"USA","SHPRICE","TOT","IDX2015","Q","1989-Q4",18.93344,
"USA","SHPRICE","TOT","IDX2015","Q","1990-Q1",18.3633,
"USA","SHPRICE","TOT","IDX2015","Q","1990-Q2",18.9359,
"USA","SHPRICE","TOT","IDX2015","Q","1990-Q3",18.19922,
"USA","SHPRICE","TOT","IDX2015","Q","1990-Q4",17.15977,
"USA","SHPRICE","TOT","IDX2015","Q","1991-Q1",19.12147,
"USA","SHPRICE","TOT","IDX2015","Q","1991-Q2",20.53106,
"USA","SHPRICE","TOT","IDX2015","Q","1991-Q3",20.93425,
"USA","SHPRICE","TOT","IDX2015","Q","1991-Q4",21.14683,
"USA","SHPRICE","TOT","IDX2015","Q","1992-Q1",22.535,
"USA","SHPRICE","TOT","IDX2015","Q","1992-Q2",22.37532,
"USA","SHPRICE","TOT","IDX2015","Q","1992-Q3",22.7232,
"USA","SHPRICE","TOT","IDX2015","Q","1992-Q4",23.08347,
"USA","SHPRICE","TOT","IDX2015","Q","1993-Q1",24.13709,
"USA","SHPRICE","TOT","IDX2015","Q","1993-Q2",24.35836,
"USA","SHPRICE","TOT","IDX2015","Q","1993-Q3",24.91095,
"USA","SHPRICE","TOT","IDX2015","Q","1993-Q4",25.457,
"USA","SHPRICE","TOT","IDX2015","Q","1994-Q1",25.79401,
"USA","SHPRICE","TOT","IDX2015","Q","1994-Q2",24.71621,
"USA","SHPRICE","TOT","IDX2015","Q","1994-Q3",25.18626,
"USA","SHPRICE","TOT","IDX2015","Q","1994-Q4",24.96735,
"USA","SHPRICE","TOT","IDX2015","Q","1995-Q1",25.82185,
"USA","SHPRICE","TOT","IDX2015","Q","1995-Q2",27.91683,
"USA","SHPRICE","TOT","IDX2015","Q","1995-Q3",29.99408,
"USA","SHPRICE","TOT","IDX2015","Q","1995-Q4",31.599,
"USA","SHPRICE","TOT","IDX2015","Q","1996-Q1",33.75011,
"USA","SHPRICE","TOT","IDX2015","Q","1996-Q2",35.01273,
"USA","SHPRICE","TOT","IDX2015","Q","1996-Q3",35.02621,
"USA","SHPRICE","TOT","IDX2015","Q","1996-Q4",38.09065,
"USA","SHPRICE","TOT","IDX2015","Q","1997-Q1",40.89534,
"USA","SHPRICE","TOT","IDX2015","Q","1997-Q2",42.63061,
"USA","SHPRICE","TOT","IDX2015","Q","1997-Q3",47.93786,
"USA","SHPRICE","TOT","IDX2015","Q","1997-Q4",49.38295,
"USA","SHPRICE","TOT","IDX2015","Q","1998-Q1",52.71678,
"USA","SHPRICE","TOT","IDX2015","Q","1998-Q2",56.85257,
"USA","SHPRICE","TOT","IDX2015","Q","1998-Q3",53.87644,
"USA","SHPRICE","TOT","IDX2015","Q","1998-Q4",54.52351,
"USA","SHPRICE","TOT","IDX2015","Q","1999-Q1",59.01668,
"USA","SHPRICE","TOT","IDX2015","Q","1999-Q2",62.48504,
"USA","SHPRICE","TOT","IDX2015","Q","1999-Q3",61.98428,
"USA","SHPRICE","TOT","IDX2015","Q","1999-Q4",61.77666,
"USA","SHPRICE","TOT","IDX2015","Q","2000-Q1",61.47152,
"USA","SHPRICE","TOT","IDX2015","Q","2000-Q2",63.89603,
"USA","SHPRICE","TOT","IDX2015","Q","2000-Q3",65.58514,
"USA","SHPRICE","TOT","IDX2015","Q","2000-Q4",63.95425,
"USA","SHPRICE","TOT","IDX2015","Q","2001-Q1",62.78694,
"USA","SHPRICE","TOT","IDX2015","Q","2001-Q2",62.13296,
"USA","SHPRICE","TOT","IDX2015","Q","2001-Q3",58.41995,
"USA","SHPRICE","TOT","IDX2015","Q","2001-Q4",56.59628,
"USA","SHPRICE","TOT","IDX2015","Q","2002-Q1",57.84077,
"USA","SHPRICE","TOT","IDX2015","Q","2002-Q2",56.37316,
"USA","SHPRICE","TOT","IDX2015","Q","2002-Q3",47.90897,
"USA","SHPRICE","TOT","IDX2015","Q","2002-Q4",46.98079,
"USA","SHPRICE","TOT","IDX2015","Q","2003-Q1",45.3238,
"USA","SHPRICE","TOT","IDX2015","Q","2003-Q2",49.42915,
"USA","SHPRICE","TOT","IDX2015","Q","2003-Q3",52.73785,
"USA","SHPRICE","TOT","IDX2015","Q","2003-Q4",56.6192,
"USA","SHPRICE","TOT","IDX2015","Q","2004-Q1",61.81828,
"USA","SHPRICE","TOT","IDX2015","Q","2004-Q2",60.96649,
"USA","SHPRICE","TOT","IDX2015","Q","2004-Q3",60.41148,
"USA","SHPRICE","TOT","IDX2015","Q","2004-Q4",64.57414,
"USA","SHPRICE","TOT","IDX2015","Q","2005-Q1",67.3415,
"USA","SHPRICE","TOT","IDX2015","Q","2005-Q2",66.85601,
"USA","SHPRICE","TOT","IDX2015","Q","2005-Q3",70.07876,
"USA","SHPRICE","TOT","IDX2015","Q","2005-Q4",71.04178,
"USA","SHPRICE","TOT","IDX2015","Q","2006-Q1",75.60726,
"USA","SHPRICE","TOT","IDX2015","Q","2006-Q2",77.04652,
"USA","SHPRICE","TOT","IDX2015","Q","2006-Q3",77.3959,
"USA","SHPRICE","TOT","IDX2015","Q","2006-Q4",83.04213,
"USA","SHPRICE","TOT","IDX2015","Q","2007-Q1",86.17699,
"USA","SHPRICE","TOT","IDX2015","Q","2007-Q2",91.38494,
"USA","SHPRICE","TOT","IDX2015","Q","2007-Q3",91.14911,
"USA","SHPRICE","TOT","IDX2015","Q","2007-Q4",92.70738,
"USA","SHPRICE","TOT","IDX2015","Q","2008-Q1",84.2466,
"USA","SHPRICE","TOT","IDX2015","Q","2008-Q2",86.14906,
"USA","SHPRICE","TOT","IDX2015","Q","2008-Q3",77.11359,
"USA","SHPRICE","TOT","IDX2015","Q","2008-Q4",53.64395,
"USA","SHPRICE","TOT","IDX2015","Q","2009-Q1",47.7175,
"USA","SHPRICE","TOT","IDX2015","Q","2009-Q2",53.53225,
"USA","SHPRICE","TOT","IDX2015","Q","2009-Q3",60.63835,
"USA","SHPRICE","TOT","IDX2015","Q","2009-Q4",66.32294,
"USA","SHPRICE","TOT","IDX2015","Q","2010-Q1",67.3168,
"USA","SHPRICE","TOT","IDX2015","Q","2010-Q2",66.72086,
"USA","SHPRICE","TOT","IDX2015","Q","2010-Q3",65.13765,
"USA","SHPRICE","TOT","IDX2015","Q","2010-Q4",71.58693,
"USA","SHPRICE","TOT","IDX2015","Q","2011-Q1",77.23933,
"USA","SHPRICE","TOT","IDX2015","Q","2011-Q2",78.02744,
"USA","SHPRICE","TOT","IDX2015","Q","2011-Q3",70.99938,
"USA","SHPRICE","TOT","IDX2015","Q","2011-Q4",68.65376,
"USA","SHPRICE","TOT","IDX2015","Q","2012-Q1",74.80493,
"USA","SHPRICE","TOT","IDX2015","Q","2012-Q2",72.76023,
"USA","SHPRICE","TOT","IDX2015","Q","2012-Q3",75.08566,
"USA","SHPRICE","TOT","IDX2015","Q","2012-Q4",77.37923,
"USA","SHPRICE","TOT","IDX2015","Q","2013-Q1",83.31729,
"USA","SHPRICE","TOT","IDX2015","Q","2013-Q2",86.59168,
"USA","SHPRICE","TOT","IDX2015","Q","2013-Q3",89.18593,
"USA","SHPRICE","TOT","IDX2015","Q","2013-Q4",93.96948,
"USA","SHPRICE","TOT","IDX2015","Q","2014-Q1",96.29462,
"USA","SHPRICE","TOT","IDX2015","Q","2014-Q2",100.1053,
"USA","SHPRICE","TOT","IDX2015","Q","2014-Q3",102.2646,
"USA","SHPRICE","TOT","IDX2015","Q","2014-Q4",100.5696,
"USA","SHPRICE","TOT","IDX2015","Q","2015-Q1",101.7028,
"USA","SHPRICE","TOT","IDX2015","Q","2015-Q2",103.8063,
"USA","SHPRICE","TOT","IDX2015","Q","2015-Q3",97.8527,
"USA","SHPRICE","TOT","IDX2015","Q","2015-Q4",96.63821,
"USA","SHPRICE","TOT","IDX2015","Q","2016-Q1",90.54796,
"USA","SHPRICE","TOT","IDX2015","Q","2016-Q2",97.06623,
"USA","SHPRICE","TOT","IDX2015","Q","2016-Q3",100.4258,
"USA","SHPRICE","TOT","IDX2015","Q","2016-Q4",100.9166,
"USA","SHPRICE","TOT","IDX2015","Q","2017-Q1",106.5986,
"USA","SHPRICE","TOT","IDX2015","Q","2017-Q2",108.5295,
"USA","SHPRICE","TOT","IDX2015","Q","2017-Q3",111.6664,
"USA","SHPRICE","TOT","IDX2015","Q","2017-Q4",116.8752,
"USA","SHPRICE","TOT","IDX2015","Q","2018-Q1",120.6047,
"USA","SHPRICE","TOT","IDX2015","Q","2018-Q2",118.1016,
"USA","SHPRICE","TOT","IDX2015","Q","2018-Q3",121.0241,
"USA","SHPRICE","TOT","IDX2015","Q","2018-Q4",113.901,
"USA","SHPRICE","TOT","IDX2015","Q","2019-Q1",115.5575,
"USA","SHPRICE","TOT","IDX2015","Q","2019-Q2",119.9513,
"USA","SHPRICE","TOT","IDX2015","Q","2019-Q3",121.1577,
"USA","SHPRICE","TOT","IDX2015","Q","2019-Q4",125.2528,
"USA","SHPRICE","TOT","IDX2015","Q","2020-Q1",120.0189,
"USA","SHPRICE","TOT","IDX2015","Q","2020-Q2",106.8753,
"USA","SHPRICE","TOT","IDX2015","Q","2020-Q3",118.4926,
"USA","SHPRICE","TOT","IDX2015","Q","2020-Q4",128.1044,
"USA","SHPRICE","TOT","IDX2015","Q","2021-Q1",142.0478,
"USA","SHPRICE","TOT","IDX2015","Q","2021-Q2",153.0035,
"USA","SHPRICE","TOT","IDX2015","Q","2021-Q3",155.5046,
"USA","SHPRICE","TOT","IDX2015","Q","2021-Q4",158.0451,
"USA","SHPRICE","TOT","IDX2015","Q","2022-Q1",155.4432,
"USA","SHPRICE","TOT","IDX2015","Q","2022-Q2",145.9139,
"USA","SHPRICE","TOT","IDX2015","Q","2022-Q3",138.9465,
"USA","SHPRICE","TOT","IDX2015","Q","2022-Q4",139.0872,
